310433_1482829764,1482829764,1482768227,310433,28066278,yzdr,http://i5.pdim.gs/45/3a2e97514637fbb4c5d7d7e8b0ce0da6/w338/h190.jpg
347412_1482828859,1482828859,1482771708,347412,30881998,yzdr,http://i8.pdim.gs/45/4aa84e658cb52ff534897736b6d36cd1/w338/h190.jpg
347412_1482838939,1482838939,1482771708,347412,30881998,yzdr,http://i7.pdim.gs/45/c6c3f7a1f7850d8e3c992c9527175579/w338/h190.jpg
435911_1482835027,1482835027,1482812115,435911,31250832,yzdr,http://i6.pdim.gs/45/2209166a72992d26f272325f72f73ca1/w338/h190.jpg
66666_1482837484,1482837484,1482821374,66666,3010086,yzdr,http://i7.pdim.gs/45/429a7af2903145512b13270035b84b6f/w338/h190.jpg
66666_1482846244,1482846244,1482821374,66666,3010086,yzdr,http://i5.pdim.gs/45/85bc4c2d987d54a3ed5bb6c6e2421d1b/w338/h190.jpg
266019_1482844886,1482844886,1482777524,266019,3512126,yzdr,http://i6.pdim.gs/45/c7a6b13bbcedd246ce21bd36371e994a/w338/h190.jpg
20520_1482848194,1482848194,1482847929,20520,30479320,yzdr,http://i9.pdim.gs/45/7abc2d6b063ab27db8d377142d596b6a/w338/h190.jpg
20520_1482853636,1482853636,1482853626,20520,30479320,yzdr,http://i9.pdim.gs/45/3074b3080d492c0cad28261c12de65db/w338/h190.jpg
310433_1482915405,1482915405,1482853380,310433,28066278,yzdr,http://i8.pdim.gs/45/4de0fc2b748616419669287c089b8c13/w338/h190.jpg
