491128_1482836241,1482836241,1482836204,491128,39044604,zhuji,http://i7.pdim.gs/45/1509115b5ffa59c0bf03cf15bfb9e5e1/w338/h190.jpg
491128_1482839250,1482839250,1482839076,491128,39044604,zhuji,http://i6.pdim.gs/45/1a3f257a94232789324011a053ed5fd5/w338/h190.jpg
491128_1482839363,1482839363,1482839317,491128,39044604,zhuji,http://i6.pdim.gs/45/1a3f257a94232789324011a053ed5fd5/w338/h190.jpg
491128_1482839485,1482839485,1482839419,491128,39044604,zhuji,http://i6.pdim.gs/45/1a3f257a94232789324011a053ed5fd5/w338/h190.jpg
491128_1482839980,1482839980,1482839520,491128,39044604,zhuji,http://i6.pdim.gs/45/1a3f257a94232789324011a053ed5fd5/w338/h190.jpg
491128_1482840232,1482840232,1482840036,491128,39044604,zhuji,http://i6.pdim.gs/45/1a3f257a94232789324011a053ed5fd5/w338/h190.jpg
404055_1482836601,1482836601,1482682821,404055,33279708,zhuji,http://i5.pdim.gs/45/d8001085a2c4fa76aa78fa471e82adac/w338/h190.jpg
167501_1482882388,1482882388,1482882369,167501,22299834,zhuji,http://i9.pdim.gs/45/58c829d05bdb96d9a6e12271265d4d13/w338/h190.jpg
347836_1482893490,1482893490,1482893383,347836,29817508,zhuji,http://i7.pdim.gs/45/02be240c09243ee493df4b88bc7d7ba1/w338/h190.jpg
10431_1482895950,1482895950,1482829595,10431,3010316,zhuji,http://i8.pdim.gs/45/0177c5e57789fee3f8642e0fa0f9d633/w338/h190.jpg
10015_1482920157,1482920157,1482797081,10015,3009988,zhuji,http://i7.pdim.gs/45/92dc28b8a5b6f706992620fafddd35f6/w338/h190.jpg
