328723_1482888575,1482896191,5522,10951,6383353,58599134,破碎红茶,http://i5.pdim.gs/4627d3a3894b67bd3a7b60f2e71f6ebe.jpg,0.2,1
328723_1482888575,1482896192,5522,10951,6383353,58599134,破碎红茶,http://i5.pdim.gs/4627d3a3894b67bd3a7b60f2e71f6ebe.jpg,0.2,3
328723_1482888575,1482896192,5522,10951,6383353,58599134,破碎红茶,http://i5.pdim.gs/4627d3a3894b67bd3a7b60f2e71f6ebe.jpg,0.2,2
328723_1482888575,1482896194,5522,10951,6383353,58599134,破碎红茶,http://i5.pdim.gs/4627d3a3894b67bd3a7b60f2e71f6ebe.jpg,0.2,8
328723_1482888575,1482896194,5522,10951,6383353,58599134,破碎红茶,http://i5.pdim.gs/4627d3a3894b67bd3a7b60f2e71f6ebe.jpg,0.2,9
328723_1482888575,1482896195,5522,10951,6383353,58599134,破碎红茶,http://i5.pdim.gs/4627d3a3894b67bd3a7b60f2e71f6ebe.jpg,0.2,10
328723_1482888575,1482896196,5522,10951,6383353,58599134,破碎红茶,http://i5.pdim.gs/4627d3a3894b67bd3a7b60f2e71f6ebe.jpg,0.2,11
328723_1482888575,1482896317,5210,10952,6387486,5583484,n易峰i,http://i6.pdim.gs/a487a3ffe3fef02cd27ffe3cdb9bd4e4.jpeg,0.2,1
328723_1482888575,1482896319,5210,10952,6387486,5583484,n易峰i,http://i6.pdim.gs/a487a3ffe3fef02cd27ffe3cdb9bd4e4.jpeg,0.2,2
328723_1482888575,1482896320,5210,10952,6387486,5583484,n易峰i,http://i6.pdim.gs/a487a3ffe3fef02cd27ffe3cdb9bd4e4.jpeg,0.2,5
328723_1482888575,1482896320,5210,10952,6387486,5583484,n易峰i,http://i6.pdim.gs/a487a3ffe3fef02cd27ffe3cdb9bd4e4.jpeg,0.2,6
328723_1482888575,1482896321,5210,10952,6387486,5583484,n易峰i,http://i6.pdim.gs/a487a3ffe3fef02cd27ffe3cdb9bd4e4.jpeg,0.2,9
328723_1482888575,1482896321,5210,10952,6387486,5583484,n易峰i,http://i6.pdim.gs/a487a3ffe3fef02cd27ffe3cdb9bd4e4.jpeg,0.2,10
328723_1482888575,1482896321,5210,10952,6387486,5583484,n易峰i,http://i6.pdim.gs/a487a3ffe3fef02cd27ffe3cdb9bd4e4.jpeg,0.2,11
328723_1482888575,1482896321,5210,10952,6387486,5583484,n易峰i,http://i6.pdim.gs/a487a3ffe3fef02cd27ffe3cdb9bd4e4.jpeg,0.2,13
328723_1482888575,1482896323,5210,10952,6387486,5583484,n易峰i,http://i6.pdim.gs/a487a3ffe3fef02cd27ffe3cdb9bd4e4.jpeg,0.2,20
328723_1482888575,1482896324,5210,10952,6387486,5583484,n易峰i,http://i6.pdim.gs/a487a3ffe3fef02cd27ffe3cdb9bd4e4.jpeg,0.2,23
328723_1482888575,1482896324,5210,10952,6387486,5583484,n易峰i,http://i6.pdim.gs/a487a3ffe3fef02cd27ffe3cdb9bd4e4.jpeg,0.2,24
328723_1482888575,1482896325,5210,10952,6387486,5583484,n易峰i,http://i6.pdim.gs/a487a3ffe3fef02cd27ffe3cdb9bd4e4.jpeg,0.2,26
328723_1482888575,1482896325,5210,10952,6387486,5583484,n易峰i,http://i6.pdim.gs/a487a3ffe3fef02cd27ffe3cdb9bd4e4.jpeg,0.2,28
328723_1482888575,1482896328,5210,10952,6387486,5583484,n易峰i,http://i6.pdim.gs/a487a3ffe3fef02cd27ffe3cdb9bd4e4.jpeg,0.2,31
328723_1482888575,1482896329,5210,10952,6387486,5583484,n易峰i,http://i6.pdim.gs/a487a3ffe3fef02cd27ffe3cdb9bd4e4.jpeg,0.2,32
328723_1482888575,1482896330,5210,10952,6387486,5583484,n易峰i,http://i6.pdim.gs/a487a3ffe3fef02cd27ffe3cdb9bd4e4.jpeg,0.2,33
328723_1482888575,1482896331,5210,10952,6387486,5583484,n易峰i,http://i6.pdim.gs/a487a3ffe3fef02cd27ffe3cdb9bd4e4.jpeg,0.2,34
328723_1482888575,1482896333,5210,10952,6387486,5583484,n易峰i,http://i6.pdim.gs/a487a3ffe3fef02cd27ffe3cdb9bd4e4.jpeg,0.2,35
328723_1482888575,1482896360,5255,10953,6388526,4492316,不灭De裁决,http://i2.pdim.gs/t01747369af04514e0f.jpg,0.2,1
328723_1482888575,1482896396,5200,10954,6388726,4492316,不灭De裁决,http://i2.pdim.gs/t01747369af04514e0f.jpg,0.2,1
328723_1482888575,1482896396,5200,10954,6388726,4492316,不灭De裁决,http://i2.pdim.gs/t01747369af04514e0f.jpg,0.2,2
328723_1482888575,1482896396,5200,10954,6388726,4492316,不灭De裁决,http://i2.pdim.gs/t01747369af04514e0f.jpg,0.2,3
328723_1482888575,1482896397,5200,10954,6388726,4492316,不灭De裁决,http://i2.pdim.gs/t01747369af04514e0f.jpg,0.2,5
328723_1482888575,1482896397,5200,10954,6388726,4492316,不灭De裁决,http://i2.pdim.gs/t01747369af04514e0f.jpg,0.2,8
328723_1482888575,1482896398,5200,10954,6388726,4492316,不灭De裁决,http://i2.pdim.gs/t01747369af04514e0f.jpg,0.2,9
328723_1482888575,1482896632,5035,10956,6404212,24106548,mixSure,http://i7.pdim.gs/0257040380bd7d294a8017532c07e39b.jpg,0.2,1
328723_1482888575,1482896633,5035,10956,6404212,24106548,mixSure,http://i7.pdim.gs/0257040380bd7d294a8017532c07e39b.jpg,0.2,2
328723_1482888575,1482896634,5035,10956,6404212,24106548,mixSure,http://i7.pdim.gs/0257040380bd7d294a8017532c07e39b.jpg,0.2,3
328723_1482888575,1482896636,5035,10956,6404212,24106548,mixSure,http://i7.pdim.gs/0257040380bd7d294a8017532c07e39b.jpg,0.2,4
328723_1482888575,1482896637,5035,10956,6404212,24106548,mixSure,http://i7.pdim.gs/0257040380bd7d294a8017532c07e39b.jpg,0.2,5
328723_1482888575,1482896639,5035,10957,6404832,24106548,mixSure,http://i7.pdim.gs/0257040380bd7d294a8017532c07e39b.jpg,0.2,6
328723_1482888575,1482896641,5035,10957,6404832,24106548,mixSure,http://i7.pdim.gs/0257040380bd7d294a8017532c07e39b.jpg,0.2,8
328723_1482888575,1482896640,5035,10957,6404832,24106548,mixSure,http://i7.pdim.gs/0257040380bd7d294a8017532c07e39b.jpg,0.2,7
328723_1482888575,1482896641,5035,10957,6404832,24106548,mixSure,http://i7.pdim.gs/0257040380bd7d294a8017532c07e39b.jpg,0.2,9
328723_1482888575,1482896642,5035,10957,6404832,24106548,mixSure,http://i7.pdim.gs/0257040380bd7d294a8017532c07e39b.jpg,0.2,10
328723_1482888575,1482896643,5035,10957,6404832,24106548,mixSure,http://i7.pdim.gs/0257040380bd7d294a8017532c07e39b.jpg,0.2,11
328723_1482888575,1482896644,5035,10957,6404832,24106548,mixSure,http://i7.pdim.gs/0257040380bd7d294a8017532c07e39b.jpg,0.2,12
328723_1482888575,1482896645,5035,10957,6404832,24106548,mixSure,http://i7.pdim.gs/0257040380bd7d294a8017532c07e39b.jpg,0.2,13
328723_1482888575,1482896646,5035,10957,6404832,37734322,暴雪对刚steam,http://i8.pdim.gs/f6ecb0841122e5360624035462d4366e.png,0.2,1
328723_1482888575,1482896646,5035,10957,6404832,24106548,mixSure,http://i7.pdim.gs/0257040380bd7d294a8017532c07e39b.jpg,0.2,14
328723_1482888575,1482896647,5035,10957,6404832,24106548,mixSure,http://i7.pdim.gs/0257040380bd7d294a8017532c07e39b.jpg,0.2,15
328723_1482888575,1482896648,5035,10957,6404832,37734322,暴雪对刚steam,http://i8.pdim.gs/f6ecb0841122e5360624035462d4366e.png,0.2,6
328723_1482888575,1482896648,5035,10957,6404832,37734322,暴雪对刚steam,http://i8.pdim.gs/f6ecb0841122e5360624035462d4366e.png,0.2,7
328723_1482888575,1482896648,5035,10957,6404832,24106548,mixSure,http://i7.pdim.gs/0257040380bd7d294a8017532c07e39b.jpg,0.2,16
328723_1482888575,1482896649,5035,10957,6404832,37734322,暴雪对刚steam,http://i8.pdim.gs/f6ecb0841122e5360624035462d4366e.png,0.2,8
328723_1482888575,1482896649,5035,10957,6404832,37734322,暴雪对刚steam,http://i8.pdim.gs/f6ecb0841122e5360624035462d4366e.png,0.2,9
328723_1482888575,1482896650,5035,10957,6404832,37734322,暴雪对刚steam,http://i8.pdim.gs/f6ecb0841122e5360624035462d4366e.png,0.2,11
328723_1482888575,1482896650,5035,10957,6404832,37734322,暴雪对刚steam,http://i8.pdim.gs/f6ecb0841122e5360624035462d4366e.png,0.2,12
328723_1482888575,1482896650,5035,10957,6404832,24106548,mixSure,http://i7.pdim.gs/0257040380bd7d294a8017532c07e39b.jpg,0.2,18
328723_1482888575,1482896651,5035,10957,6404832,37734322,暴雪对刚steam,http://i8.pdim.gs/f6ecb0841122e5360624035462d4366e.png,0.2,16
328723_1482888575,1482896651,5035,10957,6404832,37734322,暴雪对刚steam,http://i8.pdim.gs/f6ecb0841122e5360624035462d4366e.png,0.2,17
328723_1482888575,1482896652,5035,10957,6404832,37734322,暴雪对刚steam,http://i8.pdim.gs/f6ecb0841122e5360624035462d4366e.png,0.2,20
328723_1482888575,1482896652,5035,10957,6404832,24106548,mixSure,http://i7.pdim.gs/0257040380bd7d294a8017532c07e39b.jpg,0.2,21
328723_1482888575,1482896653,5035,10957,6404832,37734322,暴雪对刚steam,http://i8.pdim.gs/f6ecb0841122e5360624035462d4366e.png,0.2,21
328723_1482888575,1482896653,5035,10957,6404832,37734322,暴雪对刚steam,http://i8.pdim.gs/f6ecb0841122e5360624035462d4366e.png,0.2,24
328723_1482888575,1482896653,5035,10957,6404832,24106548,mixSure,http://i7.pdim.gs/0257040380bd7d294a8017532c07e39b.jpg,0.2,22
328723_1482888575,1482896653,5035,10957,6404832,37734322,暴雪对刚steam,http://i8.pdim.gs/f6ecb0841122e5360624035462d4366e.png,0.2,22
328723_1482888575,1482896653,5035,10957,6404832,37734322,暴雪对刚steam,http://i8.pdim.gs/f6ecb0841122e5360624035462d4366e.png,0.2,23
328723_1482888575,1482896654,5035,10957,6404832,37734322,暴雪对刚steam,http://i8.pdim.gs/f6ecb0841122e5360624035462d4366e.png,0.2,25
328723_1482888575,1482896654,5035,10957,6404832,37734322,暴雪对刚steam,http://i8.pdim.gs/f6ecb0841122e5360624035462d4366e.png,0.2,27
328723_1482888575,1482896654,5035,10957,6404832,37734322,暴雪对刚steam,http://i8.pdim.gs/f6ecb0841122e5360624035462d4366e.png,0.2,28
328723_1482888575,1482896654,5035,10957,6404832,37734322,暴雪对刚steam,http://i8.pdim.gs/f6ecb0841122e5360624035462d4366e.png,0.2,26
328723_1482888575,1482896654,5035,10957,6404832,24106548,mixSure,http://i7.pdim.gs/0257040380bd7d294a8017532c07e39b.jpg,0.2,23
328723_1482888575,1482896655,5035,10957,6404832,24106548,mixSure,http://i7.pdim.gs/0257040380bd7d294a8017532c07e39b.jpg,0.2,24
328723_1482888575,1482896655,5035,10957,6404832,37734322,暴雪对刚steam,http://i8.pdim.gs/f6ecb0841122e5360624035462d4366e.png,0.2,29
328723_1482888575,1482896656,5035,10957,6404832,37734322,暴雪对刚steam,http://i8.pdim.gs/f6ecb0841122e5360624035462d4366e.png,0.2,30
328723_1482888575,1482896657,5035,10957,6404832,37734322,暴雪对刚steam,http://i8.pdim.gs/f6ecb0841122e5360624035462d4366e.png,0.2,1
328723_1482888575,1482896657,5035,10957,6404832,24106548,mixSure,http://i7.pdim.gs/0257040380bd7d294a8017532c07e39b.jpg,0.2,26
328723_1482888575,1482896656,5035,10957,6404832,24106548,mixSure,http://i7.pdim.gs/0257040380bd7d294a8017532c07e39b.jpg,0.2,25
328723_1482888575,1482896657,5035,10957,6404832,37734322,暴雪对刚steam,http://i8.pdim.gs/f6ecb0841122e5360624035462d4366e.png,0.2,2
328723_1482888575,1482896657,5035,10957,6404832,37734322,暴雪对刚steam,http://i8.pdim.gs/f6ecb0841122e5360624035462d4366e.png,0.2,3
328723_1482888575,1482896658,5035,10957,6404832,37734322,暴雪对刚steam,http://i8.pdim.gs/f6ecb0841122e5360624035462d4366e.png,0.2,4
328723_1482888575,1482896658,5035,10957,6404832,37734322,暴雪对刚steam,http://i8.pdim.gs/f6ecb0841122e5360624035462d4366e.png,0.2,5
328723_1482888575,1482896658,5035,10957,6404832,37734322,暴雪对刚steam,http://i8.pdim.gs/f6ecb0841122e5360624035462d4366e.png,0.2,6
328723_1482888575,1482896658,5035,10957,6404832,37734322,暴雪对刚steam,http://i8.pdim.gs/f6ecb0841122e5360624035462d4366e.png,0.2,7
328723_1482888575,1482896659,5035,10957,6404832,37734322,暴雪对刚steam,http://i8.pdim.gs/f6ecb0841122e5360624035462d4366e.png,0.2,10
328723_1482888575,1482896660,5035,10957,6404832,37734322,暴雪对刚steam,http://i8.pdim.gs/f6ecb0841122e5360624035462d4366e.png,0.2,11
328723_1482888575,1482896660,5035,10957,6404832,37734322,暴雪对刚steam,http://i8.pdim.gs/f6ecb0841122e5360624035462d4366e.png,0.2,12
328723_1482888575,1482896660,5035,10957,6404832,37734322,暴雪对刚steam,http://i8.pdim.gs/f6ecb0841122e5360624035462d4366e.png,0.2,13
328723_1482888575,1482896661,5035,10957,6404832,37734322,暴雪对刚steam,http://i8.pdim.gs/f6ecb0841122e5360624035462d4366e.png,0.2,15
328723_1482888575,1482896661,5035,10957,6404832,37734322,暴雪对刚steam,http://i8.pdim.gs/f6ecb0841122e5360624035462d4366e.png,0.2,14
328723_1482888575,1482896661,5035,10957,6404832,37734322,暴雪对刚steam,http://i8.pdim.gs/f6ecb0841122e5360624035462d4366e.png,0.2,16
328723_1482888575,1482896662,5035,10957,6404832,37734322,暴雪对刚steam,http://i8.pdim.gs/f6ecb0841122e5360624035462d4366e.png,0.2,17
328723_1482888575,1482896663,5035,10957,6404832,37734322,暴雪对刚steam,http://i8.pdim.gs/f6ecb0841122e5360624035462d4366e.png,0.2,18
328723_1482888575,1482896663,5035,10957,6404832,37734322,暴雪对刚steam,http://i8.pdim.gs/f6ecb0841122e5360624035462d4366e.png,0.2,19
328723_1482888575,1482896664,5035,10957,6404832,37734322,暴雪对刚steam,http://i8.pdim.gs/f6ecb0841122e5360624035462d4366e.png,0.2,20
328723_1482897130,1482897564,5794,10964,6414412,55380704,大魔王_右123,http://i7.pdim.gs/0257040380bd7d294a8017532c07e39b.jpg,0.2,1
328723_1482897130,1482899709,5858,10980,6417332,54885076,嘚閑飲嗏,http://i7.pdim.gs/0e6573fdf3f21a2032189d5fe20c7bfc.jpg,0.2,1
328723_1482897130,1482899791,5878,10980,6417432,54885076,嘚閑飲嗏,http://i7.pdim.gs/0e6573fdf3f21a2032189d5fe20c7bfc.jpg,0.2,2
328723_1482897130,1482899860,5640,10979,6417432,38093682,抛抛桑,http://i7.pdim.gs/287d463765444e8db494b825a51f6335.jpg,0.2,1
328723_1482897130,1482899860,5640,10979,6417432,38093682,抛抛桑,http://i7.pdim.gs/287d463765444e8db494b825a51f6335.jpg,0.2,2
328723_1482897130,1482899861,5640,10979,6417432,38093682,抛抛桑,http://i7.pdim.gs/287d463765444e8db494b825a51f6335.jpg,0.2,3
328723_1482897130,1482899861,5640,10979,6417432,38093682,抛抛桑,http://i7.pdim.gs/287d463765444e8db494b825a51f6335.jpg,0.2,6
328723_1482897130,1482899861,5640,10979,6417432,38093682,抛抛桑,http://i7.pdim.gs/287d463765444e8db494b825a51f6335.jpg,0.2,5
328723_1482897130,1482899861,5640,10979,6417432,38093682,抛抛桑,http://i7.pdim.gs/287d463765444e8db494b825a51f6335.jpg,0.2,4
328723_1482897130,1482899862,5640,10979,6417432,38093682,抛抛桑,http://i7.pdim.gs/287d463765444e8db494b825a51f6335.jpg,0.2,7
328723_1482897130,1482899862,5640,10979,6417432,38093682,抛抛桑,http://i7.pdim.gs/287d463765444e8db494b825a51f6335.jpg,0.2,8
328723_1482897130,1482899862,5640,10979,6417432,38093682,抛抛桑,http://i7.pdim.gs/287d463765444e8db494b825a51f6335.jpg,0.2,9
328723_1482897130,1482899862,5640,10979,6417432,38093682,抛抛桑,http://i7.pdim.gs/287d463765444e8db494b825a51f6335.jpg,0.2,10
328723_1482897130,1482901574,5453,10991,6444925,56625544,Sally小姐姐,http://i6.pdim.gs/30701a1c2473383fc376eec2129e314e.jpeg,5.0,3
328723_1482897130,1482901575,5453,10991,6444925,56625544,Sally小姐姐,http://i6.pdim.gs/30701a1c2473383fc376eec2129e314e.jpeg,5.0,4
328723_1482897130,1482901575,5453,10991,6444925,56625544,Sally小姐姐,http://i6.pdim.gs/30701a1c2473383fc376eec2129e314e.jpeg,5.0,5
328723_1482897130,1482901575,5453,10991,6444925,56625544,Sally小姐姐,http://i6.pdim.gs/30701a1c2473383fc376eec2129e314e.jpeg,5.0,6
328723_1482897130,1482901729,5141,10991,6444925,40933232,施主你就从了老衲,http://i5.pdim.gs/43465480a16cc4e472fc79e03880b46e.jpeg,0.0,
328723_1482897130,1482901729,5141,10991,6444925,40933232,施主你就从了老衲,http://i5.pdim.gs/43465480a16cc4e472fc79e03880b46e.jpeg,0.0,
328723_1482897130,1482901729,5141,10991,6444925,40933232,施主你就从了老衲,http://i5.pdim.gs/43465480a16cc4e472fc79e03880b46e.jpeg,0.0,
328723_1482897130,1482901730,5141,10991,6444925,40933232,施主你就从了老衲,http://i5.pdim.gs/43465480a16cc4e472fc79e03880b46e.jpeg,0.0,
328723_1482897130,1482901731,5141,10991,6444925,40933232,施主你就从了老衲,http://i5.pdim.gs/43465480a16cc4e472fc79e03880b46e.jpeg,0.0,
328723_1482897130,1482901730,5141,10991,6444925,40933232,施主你就从了老衲,http://i5.pdim.gs/43465480a16cc4e472fc79e03880b46e.jpeg,0.0,
328723_1482897130,1482901730,5141,10991,6444925,40933232,施主你就从了老衲,http://i5.pdim.gs/43465480a16cc4e472fc79e03880b46e.jpeg,0.0,
328723_1482897130,1482901730,5141,10991,6444925,40933232,施主你就从了老衲,http://i5.pdim.gs/43465480a16cc4e472fc79e03880b46e.jpeg,0.0,
328723_1482897130,1482902873,3118,10999,6447425,58599134,破碎红茶,http://i5.pdim.gs/4627d3a3894b67bd3a7b60f2e71f6ebe.jpg,0.2,1
328723_1482897130,1482902873,3118,10999,6447425,58599134,破碎红茶,http://i5.pdim.gs/4627d3a3894b67bd3a7b60f2e71f6ebe.jpg,0.2,2
328723_1482897130,1482902874,3118,10999,6447425,58599134,破碎红茶,http://i5.pdim.gs/4627d3a3894b67bd3a7b60f2e71f6ebe.jpg,0.2,3
328723_1482897130,1482902874,3118,10999,6447425,58599134,破碎红茶,http://i5.pdim.gs/4627d3a3894b67bd3a7b60f2e71f6ebe.jpg,0.2,4
328723_1482897130,1482902876,3118,10999,6447425,58599134,破碎红茶,http://i5.pdim.gs/4627d3a3894b67bd3a7b60f2e71f6ebe.jpg,0.2,5
328723_1482897130,1482904586,4095,11005,6448445,24106548,mixSure,http://i6.pdim.gs/57e2eea370696dc9d71bbc472cbb0848.jpg,0.2,1
328723_1482897130,1482904590,4095,11005,6448445,24106548,mixSure,http://i6.pdim.gs/57e2eea370696dc9d71bbc472cbb0848.jpg,0.2,8
328723_1482897130,1482904589,4095,11005,6448445,24106548,mixSure,http://i6.pdim.gs/57e2eea370696dc9d71bbc472cbb0848.jpg,0.2,7
328723_1482897130,1482904590,4095,11005,6448445,24106548,mixSure,http://i6.pdim.gs/57e2eea370696dc9d71bbc472cbb0848.jpg,0.2,10
328723_1482897130,1482904590,4095,11005,6448445,24106548,mixSure,http://i6.pdim.gs/57e2eea370696dc9d71bbc472cbb0848.jpg,0.2,9
328723_1482897130,1482904591,4095,11005,6448445,24106548,mixSure,http://i6.pdim.gs/57e2eea370696dc9d71bbc472cbb0848.jpg,0.2,13
328723_1482897130,1482904591,4095,11005,6448445,24106548,mixSure,http://i6.pdim.gs/57e2eea370696dc9d71bbc472cbb0848.jpg,0.2,12
328723_1482897130,1482904591,4095,11005,6448445,24106548,mixSure,http://i6.pdim.gs/57e2eea370696dc9d71bbc472cbb0848.jpg,0.2,11
328723_1482897130,1482904592,4095,11005,6448445,24106548,mixSure,http://i6.pdim.gs/57e2eea370696dc9d71bbc472cbb0848.jpg,0.2,16
328723_1482897130,1482904593,4095,11005,6448445,24106548,mixSure,http://i6.pdim.gs/57e2eea370696dc9d71bbc472cbb0848.jpg,0.2,17
328723_1482897130,1482904594,4095,11005,6448445,24106548,mixSure,http://i6.pdim.gs/57e2eea370696dc9d71bbc472cbb0848.jpg,0.2,19
328723_1482897130,1482904593,4095,11005,6448445,24106548,mixSure,http://i6.pdim.gs/57e2eea370696dc9d71bbc472cbb0848.jpg,0.2,18
328723_1482897130,1482904595,4095,11005,6448445,24106548,mixSure,http://i6.pdim.gs/57e2eea370696dc9d71bbc472cbb0848.jpg,0.2,22
328723_1482897130,1482904595,4095,11005,6448445,24106548,mixSure,http://i6.pdim.gs/57e2eea370696dc9d71bbc472cbb0848.jpg,0.2,23
328723_1482897130,1482904595,4095,11005,6448445,24106548,mixSure,http://i6.pdim.gs/57e2eea370696dc9d71bbc472cbb0848.jpg,0.2,24
20641_1482897615,1482910540,21565,71567,48045278,32681682,只为看丁丫,http://i5.pdim.gs/51643ba6b7d9c12dc850e16bad12f64d.jpg,5.0,1
20641_1482897615,1482910578,21558,71567,48045278,24172670,林心心,http://i5.pdim.gs/fc1fe199ab54bfffcfe4c0ea9949e444.jpg,0.2,1
20641_1482897615,1482910588,21884,71567,48045278,24172670,林心心,http://i5.pdim.gs/fc1fe199ab54bfffcfe4c0ea9949e444.jpg,0.2,2
20641_1482897615,1482910589,21884,71567,48045278,24172670,林心心,http://i5.pdim.gs/fc1fe199ab54bfffcfe4c0ea9949e444.jpg,0.2,3
20641_1482897615,1482910590,21884,71567,48045278,24172670,林心心,http://i5.pdim.gs/fc1fe199ab54bfffcfe4c0ea9949e444.jpg,0.2,4
20641_1482897615,1482910591,21884,71567,48045278,24172670,林心心,http://i5.pdim.gs/fc1fe199ab54bfffcfe4c0ea9949e444.jpg,0.2,5
20641_1482897615,1482910595,21884,71567,48045278,24172670,林心心,http://i5.pdim.gs/fc1fe199ab54bfffcfe4c0ea9949e444.jpg,0.2,6
20641_1482897615,1482910595,21884,71567,48045278,24172670,林心心,http://i5.pdim.gs/fc1fe199ab54bfffcfe4c0ea9949e444.jpg,0.2,7
20641_1482897615,1482910597,21884,71567,48045278,24172670,林心心,http://i5.pdim.gs/fc1fe199ab54bfffcfe4c0ea9949e444.jpg,0.2,10
20641_1482897615,1482910600,21884,71567,48045278,24172670,林心心,http://i5.pdim.gs/fc1fe199ab54bfffcfe4c0ea9949e444.jpg,0.2,11
20641_1482897615,1482910600,21884,71567,48045278,24172670,林心心,http://i5.pdim.gs/fc1fe199ab54bfffcfe4c0ea9949e444.jpg,0.2,12
20641_1482897615,1482910601,21884,71567,48045278,24172670,林心心,http://i5.pdim.gs/fc1fe199ab54bfffcfe4c0ea9949e444.jpg,0.2,13
20641_1482897615,1482910602,21884,71567,48045278,24172670,林心心,http://i5.pdim.gs/fc1fe199ab54bfffcfe4c0ea9949e444.jpg,0.2,14
20641_1482897615,1482910602,21884,71567,48045278,24172670,林心心,http://i5.pdim.gs/fc1fe199ab54bfffcfe4c0ea9949e444.jpg,0.2,15
20641_1482897615,1482910606,21884,71567,48045278,24172670,林心心,http://i5.pdim.gs/fc1fe199ab54bfffcfe4c0ea9949e444.jpg,0.2,16
20641_1482897615,1482910608,21884,71567,48045278,24172670,林心心,http://i5.pdim.gs/fc1fe199ab54bfffcfe4c0ea9949e444.jpg,0.2,17
20641_1482897615,1482910609,21884,71567,48045278,24172670,林心心,http://i5.pdim.gs/fc1fe199ab54bfffcfe4c0ea9949e444.jpg,0.2,19
20641_1482897615,1482910609,21884,71567,48045278,24172670,林心心,http://i5.pdim.gs/fc1fe199ab54bfffcfe4c0ea9949e444.jpg,0.2,18
20641_1482897615,1482910610,21884,71567,48045278,24172670,林心心,http://i5.pdim.gs/fc1fe199ab54bfffcfe4c0ea9949e444.jpg,0.2,20
20641_1482897615,1482910610,21884,71567,48045278,24172670,林心心,http://i5.pdim.gs/fc1fe199ab54bfffcfe4c0ea9949e444.jpg,0.2,21
20641_1482897615,1482910611,21884,71567,48045278,24172670,林心心,http://i5.pdim.gs/fc1fe199ab54bfffcfe4c0ea9949e444.jpg,0.2,23
20641_1482897615,1482910611,21884,71567,48045278,24172670,林心心,http://i5.pdim.gs/fc1fe199ab54bfffcfe4c0ea9949e444.jpg,0.2,22
20641_1482897615,1482910612,21884,71567,48045278,24172670,林心心,http://i5.pdim.gs/fc1fe199ab54bfffcfe4c0ea9949e444.jpg,0.2,24
20641_1482897615,1482910613,21884,71567,48045278,24172670,林心心,http://i5.pdim.gs/fc1fe199ab54bfffcfe4c0ea9949e444.jpg,0.2,25
21961_1482917011,1482924582,2836,24205,16908486,5963164,南山不寒,http://i0.pdim.gs/t0146783025e07069b9.jpg,0.2,3
21961_1482917011,1482924582,2836,24205,16908486,5963164,南山不寒,http://i0.pdim.gs/t0146783025e07069b9.jpg,0.2,4
21961_1482917011,1482924582,2836,24205,16908486,5963164,南山不寒,http://i0.pdim.gs/t0146783025e07069b9.jpg,0.2,5
21961_1482917011,1482924584,2836,24205,16908486,5963164,南山不寒,http://i0.pdim.gs/t0146783025e07069b9.jpg,0.2,6
21961_1482917011,1482924585,2836,24205,16908486,5963164,南山不寒,http://i0.pdim.gs/t0146783025e07069b9.jpg,0.2,7
21961_1482917011,1482924587,2829,24205,16908486,5963164,南山不寒,http://i0.pdim.gs/t0146783025e07069b9.jpg,0.2,9
21961_1482917011,1482924587,2829,24205,16908486,5963164,南山不寒,http://i0.pdim.gs/t0146783025e07069b9.jpg,0.2,10
21961_1482917011,1482924588,2829,24205,16908486,5963164,南山不寒,http://i0.pdim.gs/t0146783025e07069b9.jpg,0.2,11
21961_1482917011,1482924591,2829,24205,16908486,5963164,南山不寒,http://i0.pdim.gs/t0146783025e07069b9.jpg,0.2,14
21961_1482917011,1482924592,2829,24205,16908486,5963164,南山不寒,http://i0.pdim.gs/t0146783025e07069b9.jpg,0.2,15
21961_1482917011,1482924593,2829,24205,16908486,5963164,南山不寒,http://i0.pdim.gs/t0146783025e07069b9.jpg,0.2,16
21961_1482917011,1482924594,2829,24205,16908486,5963164,南山不寒,http://i0.pdim.gs/t0146783025e07069b9.jpg,0.2,17
21961_1482917011,1482924595,2829,24205,16908486,5963164,南山不寒,http://i0.pdim.gs/t0146783025e07069b9.jpg,0.2,18
21961_1482917011,1482924597,2829,24205,16908486,5963164,南山不寒,http://i0.pdim.gs/t0146783025e07069b9.jpg,0.2,19
21961_1482917011,1482924598,2829,24205,16908486,5963164,南山不寒,http://i0.pdim.gs/t0146783025e07069b9.jpg,0.2,20
11299_1482922498,1482928465,16206,108215,49148495,43138754,我就静静地看装X,http://i7.pdim.gs/0257040380bd7d294a8017532c07e39b.jpg,0.2,1
11299_1482922498,1482928740,16587,108215,49150715,38635562,GALIGAYGAYgg,http://i8.pdim.gs/351e141ed8cc044827679524602d6743.jpg,5.0,1
11299_1482922498,1482929356,13775,108218,49169168,35898902,北美吴孟达,http://i5.pdim.gs/4e81550975e66c2f7824b2f0944b8d6c.jpeg,0.2,1
11299_1482922498,1482929532,14462,108217,49179114,35898902,北美吴孟达,http://i5.pdim.gs/4e81550975e66c2f7824b2f0944b8d6c.jpeg,0.2,2
11299_1482922498,1482929543,14462,108217,49179114,35898902,北美吴孟达,http://i5.pdim.gs/4e81550975e66c2f7824b2f0944b8d6c.jpeg,0.2,3
11299_1482922498,1482929544,14462,108217,49179114,35898902,北美吴孟达,http://i5.pdim.gs/4e81550975e66c2f7824b2f0944b8d6c.jpeg,0.2,4
11299_1482922498,1482929544,14462,108217,49179114,35898902,北美吴孟达,http://i5.pdim.gs/4e81550975e66c2f7824b2f0944b8d6c.jpeg,0.2,5
11299_1482922498,1482929553,14462,108217,49179114,31520922,就是爱喝冬瓜茶丶,http://i6.pdim.gs/21f5b5b49ae2d374702059606d056e1f.jpeg,100.0,1
11299_1482922498,1482929554,14462,108217,49179114,31520922,就是爱喝冬瓜茶丶,http://i6.pdim.gs/21f5b5b49ae2d374702059606d056e1f.jpeg,100.0,2
11299_1482922498,1482929554,14462,108217,49179114,31520922,就是爱喝冬瓜茶丶,http://i6.pdim.gs/21f5b5b49ae2d374702059606d056e1f.jpeg,100.0,3
11299_1482922498,1482929555,14462,108217,49179114,31520922,就是爱喝冬瓜茶丶,http://i6.pdim.gs/21f5b5b49ae2d374702059606d056e1f.jpeg,100.0,4
11299_1482922498,1482930280,17833,108219,49219827,52890558,魏碧贤,http://i7.pdim.gs/0257040380bd7d294a8017532c07e39b.jpg,5.0,1
11299_1482922498,1482930284,17833,108219,49219827,52890558,魏碧贤,http://i7.pdim.gs/0257040380bd7d294a8017532c07e39b.jpg,5.0,2
11299_1482922498,1482931224,18508,108221,49240299,6771980,这名字无敌了,http://i8.pdim.gs/567927a2af0cf704d79c26c256dc8f5d.jpg,5.0,1
11299_1482922498,1482931317,18136,108224,49249912,31267604,明哥oba,http://i6.pdim.gs/71eaed27a1f853be415aecfcff5a2d4b.jpeg,0.2,1
11299_1482922498,1482931318,18136,108224,49249912,31267604,明哥oba,http://i6.pdim.gs/71eaed27a1f853be415aecfcff5a2d4b.jpeg,0.2,2
11299_1482922498,1482931318,18136,108224,49249912,31267604,明哥oba,http://i6.pdim.gs/71eaed27a1f853be415aecfcff5a2d4b.jpeg,0.2,3
11299_1482922498,1482931319,18136,108226,49250112,31267604,明哥oba,http://i6.pdim.gs/71eaed27a1f853be415aecfcff5a2d4b.jpeg,0.2,4
11299_1482922498,1482931320,18136,108226,49250112,31267604,明哥oba,http://i6.pdim.gs/71eaed27a1f853be415aecfcff5a2d4b.jpeg,0.2,5
11299_1482922498,1482931458,16584,108226,49252732,31267604,明哥oba,http://i6.pdim.gs/71eaed27a1f853be415aecfcff5a2d4b.jpeg,0.2,6
11299_1482922498,1482931460,16584,108226,49252732,31267604,明哥oba,http://i6.pdim.gs/71eaed27a1f853be415aecfcff5a2d4b.jpeg,0.2,7
11299_1482922498,1482931461,16584,108226,49252732,31267604,明哥oba,http://i6.pdim.gs/71eaed27a1f853be415aecfcff5a2d4b.jpeg,0.2,8
11299_1482922498,1482931462,16584,108226,49252732,31267604,明哥oba,http://i6.pdim.gs/71eaed27a1f853be415aecfcff5a2d4b.jpeg,0.2,9
11299_1482922498,1482931463,16584,108226,49252732,31267604,明哥oba,http://i6.pdim.gs/71eaed27a1f853be415aecfcff5a2d4b.jpeg,0.2,10
11299_1482922498,1482932125,17990,108229,49262298,31267604,明哥oba,http://i6.pdim.gs/71eaed27a1f853be415aecfcff5a2d4b.jpeg,0.2,1
11299_1482922498,1482932128,17990,108229,49262298,31267604,明哥oba,http://i6.pdim.gs/71eaed27a1f853be415aecfcff5a2d4b.jpeg,0.2,2
11299_1482922498,1482932131,17990,108229,49262298,31267604,明哥oba,http://i6.pdim.gs/71eaed27a1f853be415aecfcff5a2d4b.jpeg,0.2,3
11299_1482922498,1482932134,17990,108229,49262298,31267604,明哥oba,http://i6.pdim.gs/71eaed27a1f853be415aecfcff5a2d4b.jpeg,0.2,4
11299_1482922498,1482932137,17990,108229,49262298,31267604,明哥oba,http://i6.pdim.gs/71eaed27a1f853be415aecfcff5a2d4b.jpeg,0.2,5
11299_1482922498,1482932654,15987,108230,49273617,52929036,冷风袭人f,http://i5.pdim.gs/d5e67ad0f7a0a456ba8064bfc837d1cc.jpg,0.2,1
11299_1482922498,1482932654,15987,108230,49273617,52929036,冷风袭人f,http://i5.pdim.gs/d5e67ad0f7a0a456ba8064bfc837d1cc.jpg,0.2,2
11299_1482922498,1482932655,15987,108230,49273617,52929036,冷风袭人f,http://i5.pdim.gs/d5e67ad0f7a0a456ba8064bfc837d1cc.jpg,0.2,3
11299_1482922498,1482932656,15987,108230,49273617,52929036,冷风袭人f,http://i5.pdim.gs/d5e67ad0f7a0a456ba8064bfc837d1cc.jpg,0.2,4
11299_1482922498,1482932656,15987,108230,49273617,52929036,冷风袭人f,http://i5.pdim.gs/d5e67ad0f7a0a456ba8064bfc837d1cc.jpg,0.2,5
11299_1482922498,1482933247,15270,108233,49281503,52929036,冷风袭人f,http://i5.pdim.gs/d5e67ad0f7a0a456ba8064bfc837d1cc.jpg,0.2,1
11299_1482922498,1482933394,14807,108232,49293143,52929036,冷风袭人f,http://i5.pdim.gs/d5e67ad0f7a0a456ba8064bfc837d1cc.jpg,0.2,2
11299_1482922498,1482934993,16301,108236,49317509,22511590,雪域苍龙,http://i2.pdim.gs/t01dd10a97be10eae6f.jpg,100.0,1
11299_1482922498,1482935022,16301,108237,49319449,39751430,三儿heaven,http://i9.pdim.gs/d36e14e9c8073e0f546096c24b1a38d0.jpg,0.2,1
11299_1482922498,1482935023,16301,108237,49319449,39751430,三儿heaven,http://i9.pdim.gs/d36e14e9c8073e0f546096c24b1a38d0.jpg,0.2,2
11299_1482922498,1482935023,16301,108237,49319449,39751430,三儿heaven,http://i9.pdim.gs/d36e14e9c8073e0f546096c24b1a38d0.jpg,0.2,3
11299_1482922498,1482935024,16301,108237,49319449,39751430,三儿heaven,http://i9.pdim.gs/d36e14e9c8073e0f546096c24b1a38d0.jpg,0.2,4
11299_1482922498,1482935024,16301,108237,49319449,39751430,三儿heaven,http://i9.pdim.gs/d36e14e9c8073e0f546096c24b1a38d0.jpg,0.2,5
11299_1482922498,1482935025,16301,108237,49319449,39751430,三儿heaven,http://i9.pdim.gs/d36e14e9c8073e0f546096c24b1a38d0.jpg,0.2,6
11299_1482922498,1482935026,16301,108237,49319449,39751430,三儿heaven,http://i9.pdim.gs/d36e14e9c8073e0f546096c24b1a38d0.jpg,0.2,7
11299_1482922498,1482935053,16134,108237,49319449,45058220,龙角散6006,http://i7.pdim.gs/0257040380bd7d294a8017532c07e39b.jpg,0.2,1
11299_1482922498,1482935053,16134,108237,49319449,45058220,龙角散6006,http://i7.pdim.gs/0257040380bd7d294a8017532c07e39b.jpg,0.2,2
11299_1482922498,1482935054,16134,108237,49319449,45058220,龙角散6006,http://i7.pdim.gs/0257040380bd7d294a8017532c07e39b.jpg,0.2,3
11299_1482922498,1482935055,16134,108237,49319449,45058220,龙角散6006,http://i7.pdim.gs/0257040380bd7d294a8017532c07e39b.jpg,0.2,4
11299_1482922498,1482935055,16134,108237,49319449,45058220,龙角散6006,http://i7.pdim.gs/0257040380bd7d294a8017532c07e39b.jpg,0.2,5
11299_1482922498,1482935056,16134,108237,49319449,45058220,龙角散6006,http://i7.pdim.gs/0257040380bd7d294a8017532c07e39b.jpg,0.2,6
11299_1482922498,1482935056,16134,108237,49319449,45058220,龙角散6006,http://i7.pdim.gs/0257040380bd7d294a8017532c07e39b.jpg,0.2,7
11299_1482922498,1482935056,16134,108237,49319449,45058220,龙角散6006,http://i7.pdim.gs/0257040380bd7d294a8017532c07e39b.jpg,0.2,8
11299_1482922498,1482935057,16134,108237,49319449,45058220,龙角散6006,http://i7.pdim.gs/0257040380bd7d294a8017532c07e39b.jpg,0.2,9
11299_1482922498,1482935057,16134,108237,49319449,45058220,龙角散6006,http://i7.pdim.gs/0257040380bd7d294a8017532c07e39b.jpg,0.2,10
11299_1482922498,1482935058,16134,108237,49319449,45058220,龙角散6006,http://i7.pdim.gs/0257040380bd7d294a8017532c07e39b.jpg,0.2,11
11299_1482922498,1482935058,16134,108237,49319449,45058220,龙角散6006,http://i7.pdim.gs/0257040380bd7d294a8017532c07e39b.jpg,0.2,12
11299_1482922498,1482935059,16134,108237,49319449,45058220,龙角散6006,http://i7.pdim.gs/0257040380bd7d294a8017532c07e39b.jpg,0.2,13
11299_1482922498,1482935059,16134,108237,49319449,45058220,龙角散6006,http://i7.pdim.gs/0257040380bd7d294a8017532c07e39b.jpg,0.2,14
11299_1482922498,1482935059,16134,108237,49319449,45058220,龙角散6006,http://i7.pdim.gs/0257040380bd7d294a8017532c07e39b.jpg,0.2,15
11299_1482922498,1482935060,16134,108237,49319449,45058220,龙角散6006,http://i7.pdim.gs/0257040380bd7d294a8017532c07e39b.jpg,0.2,16
11299_1482922498,1482935060,16134,108237,49319449,45058220,龙角散6006,http://i7.pdim.gs/0257040380bd7d294a8017532c07e39b.jpg,0.2,17
11299_1482922498,1482935060,16134,108237,49319449,45058220,龙角散6006,http://i7.pdim.gs/0257040380bd7d294a8017532c07e39b.jpg,0.2,18
11299_1482922498,1482935060,16134,108237,49319449,45058220,龙角散6006,http://i7.pdim.gs/0257040380bd7d294a8017532c07e39b.jpg,0.2,19
11299_1482922498,1482935061,16134,108237,49319449,45058220,龙角散6006,http://i7.pdim.gs/0257040380bd7d294a8017532c07e39b.jpg,0.2,20
11299_1482922498,1482935061,16134,108237,49319449,45058220,龙角散6006,http://i7.pdim.gs/0257040380bd7d294a8017532c07e39b.jpg,0.2,21
11299_1482922498,1482935062,16134,108237,49319449,45058220,龙角散6006,http://i7.pdim.gs/0257040380bd7d294a8017532c07e39b.jpg,0.2,22
11299_1482922498,1482935062,16134,108237,49319449,45058220,龙角散6006,http://i7.pdim.gs/0257040380bd7d294a8017532c07e39b.jpg,0.2,23
11299_1482922498,1482935062,16134,108237,49319449,45058220,龙角散6006,http://i7.pdim.gs/0257040380bd7d294a8017532c07e39b.jpg,0.2,24
11299_1482922498,1482935063,16134,108237,49319449,45058220,龙角散6006,http://i7.pdim.gs/0257040380bd7d294a8017532c07e39b.jpg,0.2,25
11299_1482922498,1482935089,15972,108238,49319549,31267604,明哥oba,http://i6.pdim.gs/71eaed27a1f853be415aecfcff5a2d4b.jpeg,0.2,1
11299_1482922498,1482935092,15972,108238,49319549,31267604,明哥oba,http://i6.pdim.gs/71eaed27a1f853be415aecfcff5a2d4b.jpeg,0.2,2
11299_1482922498,1482935093,15972,108238,49319549,31267604,明哥oba,http://i6.pdim.gs/71eaed27a1f853be415aecfcff5a2d4b.jpeg,0.2,3
11299_1482922498,1482935095,15972,108238,49319549,31267604,明哥oba,http://i6.pdim.gs/71eaed27a1f853be415aecfcff5a2d4b.jpeg,0.2,4
11299_1482922498,1482935096,15972,108238,49319549,31267604,明哥oba,http://i6.pdim.gs/71eaed27a1f853be415aecfcff5a2d4b.jpeg,0.2,5
11299_1482922498,1482935113,16137,108240,49320649,45058220,龙角散6006,http://i7.pdim.gs/0257040380bd7d294a8017532c07e39b.jpg,0.2,26
11299_1482922498,1482935113,16137,108240,49320649,45058220,龙角散6006,http://i7.pdim.gs/0257040380bd7d294a8017532c07e39b.jpg,0.2,27
11299_1482922498,1482935113,16137,108240,49320649,45058220,龙角散6006,http://i7.pdim.gs/0257040380bd7d294a8017532c07e39b.jpg,0.2,28
11299_1482922498,1482935114,16137,108240,49320649,45058220,龙角散6006,http://i7.pdim.gs/0257040380bd7d294a8017532c07e39b.jpg,0.2,29
11299_1482922498,1482935114,16137,108240,49320649,45058220,龙角散6006,http://i7.pdim.gs/0257040380bd7d294a8017532c07e39b.jpg,0.2,30
11299_1482922498,1482935115,16137,108240,49320649,45058220,龙角散6006,http://i7.pdim.gs/0257040380bd7d294a8017532c07e39b.jpg,0.2,31
11299_1482922498,1482935116,16137,108240,49320649,45058220,龙角散6006,http://i7.pdim.gs/0257040380bd7d294a8017532c07e39b.jpg,0.2,32
11299_1482922498,1482935116,16137,108240,49320649,45058220,龙角散6006,http://i7.pdim.gs/0257040380bd7d294a8017532c07e39b.jpg,0.2,33
11299_1482922498,1482935117,16137,108240,49320649,45058220,龙角散6006,http://i7.pdim.gs/0257040380bd7d294a8017532c07e39b.jpg,0.2,34
11299_1482922498,1482935117,16137,108240,49320649,45058220,龙角散6006,http://i7.pdim.gs/0257040380bd7d294a8017532c07e39b.jpg,0.2,35
11299_1482922498,1482935118,16137,108240,49320649,45058220,龙角散6006,http://i7.pdim.gs/0257040380bd7d294a8017532c07e39b.jpg,0.2,36
11299_1482922498,1482935118,16137,108240,49320649,45058220,龙角散6006,http://i7.pdim.gs/0257040380bd7d294a8017532c07e39b.jpg,0.2,37
11299_1482922498,1482935118,16137,108240,49320649,45058220,龙角散6006,http://i7.pdim.gs/0257040380bd7d294a8017532c07e39b.jpg,0.2,38
11299_1482922498,1482935119,16137,108240,49320649,45058220,龙角散6006,http://i7.pdim.gs/0257040380bd7d294a8017532c07e39b.jpg,0.2,39
11299_1482922498,1482935119,16137,108240,49320649,45058220,龙角散6006,http://i7.pdim.gs/0257040380bd7d294a8017532c07e39b.jpg,0.2,40
11299_1482922498,1482935119,16137,108240,49320649,45058220,龙角散6006,http://i7.pdim.gs/0257040380bd7d294a8017532c07e39b.jpg,0.2,41
11299_1482922498,1482935120,16137,108240,49320649,45058220,龙角散6006,http://i7.pdim.gs/0257040380bd7d294a8017532c07e39b.jpg,0.2,42
11299_1482922498,1482935120,16137,108240,49320649,45058220,龙角散6006,http://i7.pdim.gs/0257040380bd7d294a8017532c07e39b.jpg,0.2,43
11299_1482922498,1482935120,16137,108240,49320649,45058220,龙角散6006,http://i7.pdim.gs/0257040380bd7d294a8017532c07e39b.jpg,0.2,44
11299_1482922498,1482935121,16137,108240,49320649,45058220,龙角散6006,http://i7.pdim.gs/0257040380bd7d294a8017532c07e39b.jpg,0.2,45
11299_1482922498,1482935121,16137,108240,49320649,45058220,龙角散6006,http://i7.pdim.gs/0257040380bd7d294a8017532c07e39b.jpg,0.2,46
11299_1482922498,1482935121,16137,108240,49320649,45058220,龙角散6006,http://i7.pdim.gs/0257040380bd7d294a8017532c07e39b.jpg,0.2,47
11299_1482922498,1482935122,16137,108240,49320649,45058220,龙角散6006,http://i7.pdim.gs/0257040380bd7d294a8017532c07e39b.jpg,0.2,48
11299_1482922498,1482935124,16137,108240,49320649,45058220,龙角散6006,http://i7.pdim.gs/0257040380bd7d294a8017532c07e39b.jpg,0.2,49
11299_1482922498,1482935125,16137,108240,49320649,45058220,龙角散6006,http://i7.pdim.gs/0257040380bd7d294a8017532c07e39b.jpg,0.2,50
11299_1482922498,1482938224,28113,108253,49355940,52929036,冷风袭人f,http://i5.pdim.gs/d5e67ad0f7a0a456ba8064bfc837d1cc.jpg,0.2,1
11299_1482922498,1482938227,28113,108253,49355940,52929036,冷风袭人f,http://i5.pdim.gs/d5e67ad0f7a0a456ba8064bfc837d1cc.jpg,0.2,2
11299_1482922498,1482938228,28113,108253,49355940,52929036,冷风袭人f,http://i5.pdim.gs/d5e67ad0f7a0a456ba8064bfc837d1cc.jpg,0.2,3
11299_1482922498,1482938229,28113,108253,49355940,52929036,冷风袭人f,http://i5.pdim.gs/d5e67ad0f7a0a456ba8064bfc837d1cc.jpg,0.2,4
11299_1482922498,1482938230,28113,108253,49355940,52929036,冷风袭人f,http://i5.pdim.gs/d5e67ad0f7a0a456ba8064bfc837d1cc.jpg,0.2,5
11299_1482922498,1482938231,28113,108253,49355940,52929036,冷风袭人f,http://i5.pdim.gs/d5e67ad0f7a0a456ba8064bfc837d1cc.jpg,0.2,6
11299_1482922498,1482938339,27649,108255,49356560,64233654,华沙1947,http://i7.pdim.gs/0257040380bd7d294a8017532c07e39b.jpg,5.0,1
11299_1482922498,1482938560,29335,108253,49357260,64233654,华沙1947,http://i7.pdim.gs/0257040380bd7d294a8017532c07e39b.jpg,5.0,1
