269001_1482832257,1482836902,10401,7449,1470968,60094236,爱上微笑3154,http://i5.pdim.gs/dd309a2ee6e0b17673f664031a28da8b.jpeg,0.2,1
269001_1482832257,1482836902,10401,7449,1470968,60094236,爱上微笑3154,http://i5.pdim.gs/dd309a2ee6e0b17673f664031a28da8b.jpeg,0.2,2
269001_1482832257,1482836903,10401,7449,1470968,60094236,爱上微笑3154,http://i5.pdim.gs/dd309a2ee6e0b17673f664031a28da8b.jpeg,0.2,3
269001_1482832257,1482836905,10401,7449,1470968,60094236,爱上微笑3154,http://i5.pdim.gs/dd309a2ee6e0b17673f664031a28da8b.jpeg,0.2,4
269001_1482832257,1482836906,10401,7449,1470968,60094236,爱上微笑3154,http://i5.pdim.gs/dd309a2ee6e0b17673f664031a28da8b.jpeg,0.2,5
269001_1482832257,1482836948,10293,7449,1471268,21549792,此生愿不渝,http://i3.pdim.gs/t01412e8b8c83c932d7.jpg,0.2,1
269001_1482832257,1482836948,10293,7449,1471268,21549792,此生愿不渝,http://i3.pdim.gs/t01412e8b8c83c932d7.jpg,0.2,2
269001_1482832257,1482836949,10293,7449,1471268,21549792,此生愿不渝,http://i3.pdim.gs/t01412e8b8c83c932d7.jpg,0.2,3
269001_1482832257,1482836949,10293,7449,1471268,21549792,此生愿不渝,http://i3.pdim.gs/t01412e8b8c83c932d7.jpg,0.2,4
269001_1482832257,1482836950,10293,7449,1471268,21549792,此生愿不渝,http://i3.pdim.gs/t01412e8b8c83c932d7.jpg,0.2,5
269001_1482832257,1482836951,10293,7449,1471268,21549792,此生愿不渝,http://i3.pdim.gs/t01412e8b8c83c932d7.jpg,0.2,6
269001_1482832257,1482836952,10293,7449,1471268,21549792,此生愿不渝,http://i3.pdim.gs/t01412e8b8c83c932d7.jpg,0.2,7
269001_1482832257,1482836952,10293,7449,1471268,21549792,此生愿不渝,http://i3.pdim.gs/t01412e8b8c83c932d7.jpg,0.2,8
269001_1482832257,1482836953,10293,7449,1471268,21549792,此生愿不渝,http://i3.pdim.gs/t01412e8b8c83c932d7.jpg,0.2,9
269001_1482832257,1482836953,10293,7449,1471268,21549792,此生愿不渝,http://i3.pdim.gs/t01412e8b8c83c932d7.jpg,0.2,10
269001_1482832257,1482836999,10291,7449,1471268,5073706,贝爷丶Best,http://i2.pdim.gs/t01b37c7bc367177932.jpg,0.2,1
269001_1482832257,1482837024,10293,7449,1471268,5073706,贝爷丶Best,http://i2.pdim.gs/t01b37c7bc367177932.jpg,0.2,1
269001_1482832257,1482841456,7599,7471,1473068,24980884,反对恐怕高精度,http://i7.pdim.gs/0257040380bd7d294a8017532c07e39b.jpg,0.2,1
269001_1482832257,1482841583,7938,7475,1473168,33031272,帅比一个萧,http://i6.pdim.gs/4706c762503a357c8beccd2d766a5029.jpg,0.2,1
269001_1482832257,1482841583,7938,7475,1473168,33031272,帅比一个萧,http://i6.pdim.gs/4706c762503a357c8beccd2d766a5029.jpg,0.2,2
269001_1482832257,1482841584,7938,7475,1473168,33031272,帅比一个萧,http://i6.pdim.gs/4706c762503a357c8beccd2d766a5029.jpg,0.2,3
269001_1482832257,1482841584,7938,7475,1473168,33031272,帅比一个萧,http://i6.pdim.gs/4706c762503a357c8beccd2d766a5029.jpg,0.2,4
269001_1482832257,1482841584,7938,7475,1473168,33031272,帅比一个萧,http://i6.pdim.gs/4706c762503a357c8beccd2d766a5029.jpg,0.2,5
269001_1482832257,1482841585,7938,7475,1473168,33031272,帅比一个萧,http://i6.pdim.gs/4706c762503a357c8beccd2d766a5029.jpg,0.2,6
269001_1482832257,1482841586,7938,7475,1473168,33031272,帅比一个萧,http://i6.pdim.gs/4706c762503a357c8beccd2d766a5029.jpg,0.2,7
269001_1482832257,1482841587,7938,7475,1473168,33031272,帅比一个萧,http://i6.pdim.gs/4706c762503a357c8beccd2d766a5029.jpg,0.2,8
269001_1482832257,1482841587,7938,7475,1473168,33031272,帅比一个萧,http://i6.pdim.gs/4706c762503a357c8beccd2d766a5029.jpg,0.2,9
269001_1482832257,1482841589,7938,7475,1473168,33031272,帅比一个萧,http://i6.pdim.gs/4706c762503a357c8beccd2d766a5029.jpg,0.2,10
269001_1482832257,1482843874,7704,7485,1473668,33031272,帅比一个萧,http://i6.pdim.gs/4706c762503a357c8beccd2d766a5029.jpg,0.2,1
269001_1482832257,1482846763,7566,7504,1476068,34324708,珏丶双子星,http://i5.pdim.gs/d657f1fae78d290d60df58b76b09e3c5.jpg,0.2,1
269001_1482832257,1482846765,7566,7504,1476068,34324708,珏丶双子星,http://i5.pdim.gs/d657f1fae78d290d60df58b76b09e3c5.jpg,0.2,2
269001_1482832257,1482846767,7566,7504,1476068,34324708,珏丶双子星,http://i5.pdim.gs/d657f1fae78d290d60df58b76b09e3c5.jpg,0.2,1
269001_1482832257,1482846945,8521,7506,1476168,33031272,帅比一个萧,http://i6.pdim.gs/4706c762503a357c8beccd2d766a5029.jpg,0.2,1
269001_1482832257,1482846946,8521,7506,1476168,33031272,帅比一个萧,http://i6.pdim.gs/4706c762503a357c8beccd2d766a5029.jpg,0.2,2
269001_1482832257,1482846946,8521,7506,1476168,33031272,帅比一个萧,http://i6.pdim.gs/4706c762503a357c8beccd2d766a5029.jpg,0.2,3
269001_1482832257,1482846946,8521,7506,1476168,33031272,帅比一个萧,http://i6.pdim.gs/4706c762503a357c8beccd2d766a5029.jpg,0.2,4
269001_1482832257,1482846947,8521,7506,1476168,33031272,帅比一个萧,http://i6.pdim.gs/4706c762503a357c8beccd2d766a5029.jpg,0.2,5
269001_1482832257,1482846947,8521,7506,1476168,33031272,帅比一个萧,http://i6.pdim.gs/4706c762503a357c8beccd2d766a5029.jpg,0.2,6
269001_1482832257,1482846947,8521,7506,1476168,33031272,帅比一个萧,http://i6.pdim.gs/4706c762503a357c8beccd2d766a5029.jpg,0.2,7
269001_1482832257,1482846947,8521,7506,1476168,33031272,帅比一个萧,http://i6.pdim.gs/4706c762503a357c8beccd2d766a5029.jpg,0.2,8
269001_1482832257,1482846948,8521,7506,1476168,33031272,帅比一个萧,http://i6.pdim.gs/4706c762503a357c8beccd2d766a5029.jpg,0.2,9
269001_1482832257,1482846948,8521,7506,1476168,33031272,帅比一个萧,http://i6.pdim.gs/4706c762503a357c8beccd2d766a5029.jpg,0.2,10
269001_1482832257,1482846949,8521,7506,1476168,33031272,帅比一个萧,http://i6.pdim.gs/4706c762503a357c8beccd2d766a5029.jpg,0.2,11
269001_1482832257,1482846949,8521,7506,1476168,33031272,帅比一个萧,http://i6.pdim.gs/4706c762503a357c8beccd2d766a5029.jpg,0.2,12
269001_1482832257,1482846950,8521,7506,1476168,33031272,帅比一个萧,http://i6.pdim.gs/4706c762503a357c8beccd2d766a5029.jpg,0.2,13
269001_1482832257,1482846951,8521,7506,1476168,33031272,帅比一个萧,http://i6.pdim.gs/4706c762503a357c8beccd2d766a5029.jpg,0.2,14
269001_1482832257,1482847162,9420,7508,1476168,53007132,Perfect男朋友,http://i8.pdim.gs/d9508f8902d6850f361ddfce7b3d74a4.jpg,0.2,520
269001_1482832257,1482847165,9420,7508,1476168,53007132,Perfect男朋友,http://i8.pdim.gs/d9508f8902d6850f361ddfce7b3d74a4.jpg,0.2,1040
498818_1482873986,1482888703,4829,2535,353656,53321818,颜可恩,http://i9.pdim.gs/4eec7c9c00190a3051b9076a2647a6c9.jpg,5.0,1
498818_1482873986,1482888703,4829,2535,353656,53321818,颜可恩,http://i9.pdim.gs/4eec7c9c00190a3051b9076a2647a6c9.jpg,5.0,2
498818_1482873986,1482888704,4829,2535,353656,53321818,颜可恩,http://i9.pdim.gs/4eec7c9c00190a3051b9076a2647a6c9.jpg,5.0,4
498818_1482873986,1482888704,4829,2535,353656,53321818,颜可恩,http://i9.pdim.gs/4eec7c9c00190a3051b9076a2647a6c9.jpg,5.0,5
498818_1482873986,1482888704,4829,2535,353656,53321818,颜可恩,http://i9.pdim.gs/4eec7c9c00190a3051b9076a2647a6c9.jpg,5.0,7
498818_1482873986,1482888705,4829,2535,353656,53321818,颜可恩,http://i9.pdim.gs/4eec7c9c00190a3051b9076a2647a6c9.jpg,5.0,10
634369_1482907404,1482914294,3002,2402,30486,40834246,haze11,http://i8.pdim.gs/35d9b0d37ca3e44c000962f0b207942b.jpeg,0.2,1
634369_1482907404,1482914295,3002,2402,30486,40834246,haze11,http://i8.pdim.gs/35d9b0d37ca3e44c000962f0b207942b.jpeg,0.2,2
634369_1482907404,1482914296,3002,2402,30486,40834246,haze11,http://i8.pdim.gs/35d9b0d37ca3e44c000962f0b207942b.jpeg,0.2,3
634369_1482907404,1482914298,3002,2402,30486,40834246,haze11,http://i8.pdim.gs/35d9b0d37ca3e44c000962f0b207942b.jpeg,0.2,4
634369_1482907404,1482914299,3002,2402,30486,40834246,haze11,http://i8.pdim.gs/35d9b0d37ca3e44c000962f0b207942b.jpeg,0.2,5
634369_1482907404,1482915274,3459,2411,30686,40834246,haze11,http://i8.pdim.gs/35d9b0d37ca3e44c000962f0b207942b.jpeg,0.2,1
634369_1482907404,1482915274,3459,2411,30686,40834246,haze11,http://i8.pdim.gs/35d9b0d37ca3e44c000962f0b207942b.jpeg,0.2,2
634369_1482907404,1482915274,3459,2411,30686,40834246,haze11,http://i8.pdim.gs/35d9b0d37ca3e44c000962f0b207942b.jpeg,0.2,3
634369_1482907404,1482915275,3459,2411,30686,40834246,haze11,http://i8.pdim.gs/35d9b0d37ca3e44c000962f0b207942b.jpeg,0.2,4
634369_1482907404,1482915275,3459,2411,30686,40834246,haze11,http://i8.pdim.gs/35d9b0d37ca3e44c000962f0b207942b.jpeg,0.2,5
117194_1482920271,1482928942,8010,14858,20260028,31344602,艾格Edgar,http://i6.pdim.gs/0a3ee80abe2dccad402271abd57b5b32.jpg,5.0,1
117194_1482920271,1482928942,8010,14858,20260028,31344602,艾格Edgar,http://i6.pdim.gs/0a3ee80abe2dccad402271abd57b5b32.jpg,5.0,2
117194_1482920271,1482929819,8114,14868,20271408,3015838,小刘,http://i3.pdim.gs/t01e2ec85bba4a430e5.jpg,5.0,1
117194_1482920271,1482929821,7810,14868,20271408,3015838,小刘,http://i3.pdim.gs/t01e2ec85bba4a430e5.jpg,5.0,2
117194_1482920271,1482929988,7818,14868,20271408,55160436,喜神太骇人,http://i9.pdim.gs/63004c29531739786d71763fe13695a4.jpg,0.2,1
117194_1482920271,1482929989,7818,14868,20271408,55160436,喜神太骇人,http://i9.pdim.gs/63004c29531739786d71763fe13695a4.jpg,0.2,2
117194_1482920271,1482929989,7818,14868,20271408,55160436,喜神太骇人,http://i9.pdim.gs/63004c29531739786d71763fe13695a4.jpg,0.2,3
117194_1482920271,1482929990,7818,14868,20271408,55160436,喜神太骇人,http://i9.pdim.gs/63004c29531739786d71763fe13695a4.jpg,0.2,4
117194_1482920271,1482929990,7818,14868,20271408,55160436,喜神太骇人,http://i9.pdim.gs/63004c29531739786d71763fe13695a4.jpg,0.2,5
117194_1482920271,1482929991,7818,14868,20271408,55160436,喜神太骇人,http://i9.pdim.gs/63004c29531739786d71763fe13695a4.jpg,0.2,6
117194_1482920271,1482929991,7818,14868,20271408,55160436,喜神太骇人,http://i9.pdim.gs/63004c29531739786d71763fe13695a4.jpg,0.2,7
117194_1482920271,1482929992,7818,14868,20271408,55160436,喜神太骇人,http://i9.pdim.gs/63004c29531739786d71763fe13695a4.jpg,0.2,8
117194_1482920271,1482929993,7818,14868,20271408,55160436,喜神太骇人,http://i9.pdim.gs/63004c29531739786d71763fe13695a4.jpg,0.2,9
117194_1482920271,1482929993,7818,14868,20271408,55160436,喜神太骇人,http://i9.pdim.gs/63004c29531739786d71763fe13695a4.jpg,0.2,10
117194_1482920271,1482929993,7818,14868,20271408,55160436,喜神太骇人,http://i9.pdim.gs/63004c29531739786d71763fe13695a4.jpg,0.2,11
117194_1482920271,1482929994,7818,14868,20271408,3015838,小刘,http://i3.pdim.gs/t01e2ec85bba4a430e5.jpg,5.0,3
117194_1482920271,1482929995,7818,14868,20271408,55160436,喜神太骇人,http://i9.pdim.gs/63004c29531739786d71763fe13695a4.jpg,0.2,12
117194_1482920271,1482929996,7818,14868,20271408,3015838,小刘,http://i3.pdim.gs/t01e2ec85bba4a430e5.jpg,5.0,4
117194_1482920271,1482929996,7818,14868,20271408,55160436,喜神太骇人,http://i9.pdim.gs/63004c29531739786d71763fe13695a4.jpg,0.2,13
117194_1482920271,1482929997,7818,14868,20271408,3015838,小刘,http://i3.pdim.gs/t01e2ec85bba4a430e5.jpg,5.0,5
117194_1482920271,1482929997,7818,14868,20271408,55160436,喜神太骇人,http://i9.pdim.gs/63004c29531739786d71763fe13695a4.jpg,0.2,14
117194_1482920271,1482929998,7818,14868,20271408,3015838,小刘,http://i3.pdim.gs/t01e2ec85bba4a430e5.jpg,5.0,6
117194_1482920271,1482929998,7818,14868,20271408,3015838,小刘,http://i3.pdim.gs/t01e2ec85bba4a430e5.jpg,5.0,7
117194_1482920271,1482929998,7818,14868,20271408,3015838,小刘,http://i3.pdim.gs/t01e2ec85bba4a430e5.jpg,5.0,8
117194_1482920271,1482929998,7818,14868,20271408,3015838,小刘,http://i3.pdim.gs/t01e2ec85bba4a430e5.jpg,5.0,9
117194_1482920271,1482929998,7818,14868,20271408,3015838,小刘,http://i3.pdim.gs/t01e2ec85bba4a430e5.jpg,5.0,10
117194_1482920271,1482929999,7818,14868,20271408,3015838,小刘,http://i3.pdim.gs/t01e2ec85bba4a430e5.jpg,5.0,11
117194_1482920271,1482929999,7818,14868,20271408,55160436,喜神太骇人,http://i9.pdim.gs/63004c29531739786d71763fe13695a4.jpg,0.2,15
117194_1482920271,1482929999,7818,14868,20271408,3015838,小刘,http://i3.pdim.gs/t01e2ec85bba4a430e5.jpg,5.0,12
117194_1482920271,1482929999,7818,14868,20271408,3015838,小刘,http://i3.pdim.gs/t01e2ec85bba4a430e5.jpg,5.0,13
117194_1482920271,1482929999,7818,14868,20271408,3015838,小刘,http://i3.pdim.gs/t01e2ec85bba4a430e5.jpg,5.0,14
117194_1482920271,1482929999,7818,14868,20271408,3015838,小刘,http://i3.pdim.gs/t01e2ec85bba4a430e5.jpg,5.0,15
117194_1482920271,1482929999,7818,14868,20271408,3015838,小刘,http://i3.pdim.gs/t01e2ec85bba4a430e5.jpg,5.0,16
117194_1482920271,1482930000,7818,14868,20271408,3015838,小刘,http://i3.pdim.gs/t01e2ec85bba4a430e5.jpg,5.0,17
117194_1482920271,1482930000,7818,14868,20271408,3015838,小刘,http://i3.pdim.gs/t01e2ec85bba4a430e5.jpg,5.0,18
117194_1482920271,1482930000,7818,14868,20271408,3015838,小刘,http://i3.pdim.gs/t01e2ec85bba4a430e5.jpg,5.0,19
117194_1482930150,1482930815,8275,14873,20280008,33129928,一样雨vv,http://i7.pdim.gs/084079b774b80e6d60809e154610b8d0.jpg,0.2,2
117194_1482930150,1482930815,8275,14873,20280008,33129928,一样雨vv,http://i7.pdim.gs/084079b774b80e6d60809e154610b8d0.jpg,0.2,3
117194_1482930150,1482930815,8275,14873,20280008,33129928,一样雨vv,http://i7.pdim.gs/084079b774b80e6d60809e154610b8d0.jpg,0.2,4
117194_1482930150,1482930816,8275,14873,20280008,33129928,一样雨vv,http://i7.pdim.gs/084079b774b80e6d60809e154610b8d0.jpg,0.2,5
117194_1482930150,1482930816,8275,14873,20280008,33129928,一样雨vv,http://i7.pdim.gs/084079b774b80e6d60809e154610b8d0.jpg,0.2,6
117194_1482930150,1482930817,8275,14873,20280008,33129928,一样雨vv,http://i7.pdim.gs/084079b774b80e6d60809e154610b8d0.jpg,0.2,7
117194_1482930150,1482930817,8275,14873,20280008,33129928,一样雨vv,http://i7.pdim.gs/084079b774b80e6d60809e154610b8d0.jpg,0.2,8
117194_1482930150,1482930817,8275,14873,20280008,33129928,一样雨vv,http://i7.pdim.gs/084079b774b80e6d60809e154610b8d0.jpg,0.2,9
117194_1482930150,1482930818,8275,14873,20280008,33129928,一样雨vv,http://i7.pdim.gs/084079b774b80e6d60809e154610b8d0.jpg,0.2,10
117194_1482930150,1482930818,8275,14873,20280008,33129928,一样雨vv,http://i7.pdim.gs/084079b774b80e6d60809e154610b8d0.jpg,0.2,11
117194_1482930150,1482930818,8275,14873,20280008,33129928,一样雨vv,http://i7.pdim.gs/084079b774b80e6d60809e154610b8d0.jpg,0.2,12
117194_1482930150,1482930819,8275,14873,20280008,33129928,一样雨vv,http://i7.pdim.gs/084079b774b80e6d60809e154610b8d0.jpg,0.2,13
117194_1482930150,1482930819,8275,14873,20280008,33129928,一样雨vv,http://i7.pdim.gs/084079b774b80e6d60809e154610b8d0.jpg,0.2,14
117194_1482930150,1482930819,8275,14873,20280008,33129928,一样雨vv,http://i7.pdim.gs/084079b774b80e6d60809e154610b8d0.jpg,0.2,15
117194_1482930150,1482930820,8275,14873,20280008,33129928,一样雨vv,http://i7.pdim.gs/084079b774b80e6d60809e154610b8d0.jpg,0.2,16
117194_1482930150,1482930820,8275,14873,20280008,33129928,一样雨vv,http://i7.pdim.gs/084079b774b80e6d60809e154610b8d0.jpg,0.2,17
117194_1482930150,1482930820,8275,14873,20280008,33129928,一样雨vv,http://i7.pdim.gs/084079b774b80e6d60809e154610b8d0.jpg,0.2,18
117194_1482930150,1482930821,8275,14873,20280008,33129928,一样雨vv,http://i7.pdim.gs/084079b774b80e6d60809e154610b8d0.jpg,0.2,19
117194_1482930150,1482930821,8275,14873,20280008,33129928,一样雨vv,http://i7.pdim.gs/084079b774b80e6d60809e154610b8d0.jpg,0.2,20
117194_1482930150,1482930821,8275,14873,20280008,33129928,一样雨vv,http://i7.pdim.gs/084079b774b80e6d60809e154610b8d0.jpg,0.2,21
117194_1482930150,1482930822,8275,14873,20280008,33129928,一样雨vv,http://i7.pdim.gs/084079b774b80e6d60809e154610b8d0.jpg,0.2,22
117194_1482930150,1482930822,8275,14873,20280008,33129928,一样雨vv,http://i7.pdim.gs/084079b774b80e6d60809e154610b8d0.jpg,0.2,23
117194_1482930150,1482930823,8275,14873,20280008,33129928,一样雨vv,http://i7.pdim.gs/084079b774b80e6d60809e154610b8d0.jpg,0.2,24
117194_1482930150,1482930824,8275,14873,20280008,33129928,一样雨vv,http://i7.pdim.gs/084079b774b80e6d60809e154610b8d0.jpg,0.2,25
117194_1482930150,1482930829,8275,14873,20280008,33129928,一样雨vv,http://i7.pdim.gs/084079b774b80e6d60809e154610b8d0.jpg,0.2,26
117194_1482930150,1482931290,7198,14877,20281508,59267390,十夜丶丶,http://i5.pdim.gs/af5c1077951158cd6a633bea40dd4431.jpg,0.2,1
117194_1482930150,1482931291,7198,14877,20281508,59267390,十夜丶丶,http://i5.pdim.gs/af5c1077951158cd6a633bea40dd4431.jpg,0.2,3
117194_1482930150,1482931291,7198,14877,20281508,59267390,十夜丶丶,http://i5.pdim.gs/af5c1077951158cd6a633bea40dd4431.jpg,0.2,2
117194_1482930150,1482931291,7198,14877,20281508,59267390,十夜丶丶,http://i5.pdim.gs/af5c1077951158cd6a633bea40dd4431.jpg,0.2,4
117194_1482930150,1482931291,7198,14877,20281508,59267390,十夜丶丶,http://i5.pdim.gs/af5c1077951158cd6a633bea40dd4431.jpg,0.2,5
117194_1482930150,1482931291,7198,14877,20281508,59267390,十夜丶丶,http://i5.pdim.gs/af5c1077951158cd6a633bea40dd4431.jpg,0.2,6
117194_1482930150,1482931292,7198,14877,20281508,59267390,十夜丶丶,http://i5.pdim.gs/af5c1077951158cd6a633bea40dd4431.jpg,0.2,7
117194_1482930150,1482931292,7198,14877,20281508,59267390,十夜丶丶,http://i5.pdim.gs/af5c1077951158cd6a633bea40dd4431.jpg,0.2,8
117194_1482930150,1482931292,7198,14877,20281508,59267390,十夜丶丶,http://i5.pdim.gs/af5c1077951158cd6a633bea40dd4431.jpg,0.2,9
117194_1482930150,1482931293,7198,14877,20281508,59267390,十夜丶丶,http://i5.pdim.gs/af5c1077951158cd6a633bea40dd4431.jpg,0.2,10
117194_1482930150,1482931293,7198,14877,20281508,59267390,十夜丶丶,http://i5.pdim.gs/af5c1077951158cd6a633bea40dd4431.jpg,0.2,11
117194_1482930150,1482931293,7198,14877,20281508,59267390,十夜丶丶,http://i5.pdim.gs/af5c1077951158cd6a633bea40dd4431.jpg,0.2,12
117194_1482930150,1482931293,7198,14877,20281508,59267390,十夜丶丶,http://i5.pdim.gs/af5c1077951158cd6a633bea40dd4431.jpg,0.2,13
117194_1482930150,1482931293,7198,14877,20281508,59267390,十夜丶丶,http://i5.pdim.gs/af5c1077951158cd6a633bea40dd4431.jpg,0.2,14
117194_1482930150,1482931293,7198,14877,20281508,59267390,十夜丶丶,http://i5.pdim.gs/af5c1077951158cd6a633bea40dd4431.jpg,0.2,15
117194_1482930150,1482931294,7198,14877,20281508,59267390,十夜丶丶,http://i5.pdim.gs/af5c1077951158cd6a633bea40dd4431.jpg,0.2,16
117194_1482930150,1482931294,7198,14877,20281508,59267390,十夜丶丶,http://i5.pdim.gs/af5c1077951158cd6a633bea40dd4431.jpg,0.2,17
117194_1482930150,1482931295,7198,14877,20281508,59267390,十夜丶丶,http://i5.pdim.gs/af5c1077951158cd6a633bea40dd4431.jpg,0.2,21
117194_1482930150,1482931295,7198,14877,20281508,59267390,十夜丶丶,http://i5.pdim.gs/af5c1077951158cd6a633bea40dd4431.jpg,0.2,22
117194_1482930150,1482931295,7198,14877,20281508,59267390,十夜丶丶,http://i5.pdim.gs/af5c1077951158cd6a633bea40dd4431.jpg,0.2,23
117194_1482930150,1482931296,7198,14877,20281508,59267390,十夜丶丶,http://i5.pdim.gs/af5c1077951158cd6a633bea40dd4431.jpg,0.2,24
117194_1482930150,1482931296,7198,14877,20281508,59267390,十夜丶丶,http://i5.pdim.gs/af5c1077951158cd6a633bea40dd4431.jpg,0.2,26
117194_1482930150,1482931296,7198,14877,20281508,59267390,十夜丶丶,http://i5.pdim.gs/af5c1077951158cd6a633bea40dd4431.jpg,0.2,25
117194_1482930150,1482931296,7198,14877,20281508,59267390,十夜丶丶,http://i5.pdim.gs/af5c1077951158cd6a633bea40dd4431.jpg,0.2,27
117194_1482930150,1482931296,7198,14877,20281508,59267390,十夜丶丶,http://i5.pdim.gs/af5c1077951158cd6a633bea40dd4431.jpg,0.2,28
117194_1482930150,1482931296,7198,14877,20281508,59267390,十夜丶丶,http://i5.pdim.gs/af5c1077951158cd6a633bea40dd4431.jpg,0.2,29
117194_1482930150,1482931297,7198,14877,20281508,59267390,十夜丶丶,http://i5.pdim.gs/af5c1077951158cd6a633bea40dd4431.jpg,0.2,30
117194_1482930150,1482931298,7198,14877,20281508,59267390,十夜丶丶,http://i5.pdim.gs/af5c1077951158cd6a633bea40dd4431.jpg,0.2,31
117194_1482930150,1482931300,7198,14877,20281508,59267390,十夜丶丶,http://i5.pdim.gs/af5c1077951158cd6a633bea40dd4431.jpg,0.2,32
117194_1482930150,1482931301,7198,14877,20281508,59267390,十夜丶丶,http://i5.pdim.gs/af5c1077951158cd6a633bea40dd4431.jpg,0.2,33
117194_1482930150,1482931301,7198,14877,20281508,59267390,十夜丶丶,http://i5.pdim.gs/af5c1077951158cd6a633bea40dd4431.jpg,0.2,34
117194_1482930150,1482931302,7198,14877,20281508,59267390,十夜丶丶,http://i5.pdim.gs/af5c1077951158cd6a633bea40dd4431.jpg,0.2,35
117194_1482930150,1482931942,8362,14880,20291368,25380516,毕竟你柒妹丶,http://i8.pdim.gs/06fdc69d9869a62cb718fff944215705.jpeg,0.2,1
117194_1482930150,1482931942,8362,14880,20291368,25380516,毕竟你柒妹丶,http://i8.pdim.gs/06fdc69d9869a62cb718fff944215705.jpeg,0.2,2
117194_1482930150,1482931943,8362,14880,20291368,25380516,毕竟你柒妹丶,http://i8.pdim.gs/06fdc69d9869a62cb718fff944215705.jpeg,0.2,3
117194_1482930150,1482931943,8362,14880,20291368,25380516,毕竟你柒妹丶,http://i8.pdim.gs/06fdc69d9869a62cb718fff944215705.jpeg,0.2,4
117194_1482930150,1482931944,8362,14880,20291368,25380516,毕竟你柒妹丶,http://i8.pdim.gs/06fdc69d9869a62cb718fff944215705.jpeg,0.2,5
117194_1482930150,1482931944,8362,14880,20291368,25380516,毕竟你柒妹丶,http://i8.pdim.gs/06fdc69d9869a62cb718fff944215705.jpeg,0.2,6
117194_1482930150,1482931944,8362,14880,20291368,25380516,毕竟你柒妹丶,http://i8.pdim.gs/06fdc69d9869a62cb718fff944215705.jpeg,0.2,7
117194_1482930150,1482931945,8362,14880,20291368,25380516,毕竟你柒妹丶,http://i8.pdim.gs/06fdc69d9869a62cb718fff944215705.jpeg,0.2,8
117194_1482930150,1482931945,8362,14880,20291368,25380516,毕竟你柒妹丶,http://i8.pdim.gs/06fdc69d9869a62cb718fff944215705.jpeg,0.2,9
117194_1482930150,1482931945,8362,14880,20291368,25380516,毕竟你柒妹丶,http://i8.pdim.gs/06fdc69d9869a62cb718fff944215705.jpeg,0.2,10
117194_1482930150,1482931946,8362,14880,20291368,25380516,毕竟你柒妹丶,http://i8.pdim.gs/06fdc69d9869a62cb718fff944215705.jpeg,0.2,11
117194_1482930150,1482931946,8362,14880,20291368,25380516,毕竟你柒妹丶,http://i8.pdim.gs/06fdc69d9869a62cb718fff944215705.jpeg,0.2,12
117194_1482930150,1482931947,8362,14880,20291368,25380516,毕竟你柒妹丶,http://i8.pdim.gs/06fdc69d9869a62cb718fff944215705.jpeg,0.2,13
117194_1482930150,1482931947,8362,14880,20291368,25380516,毕竟你柒妹丶,http://i8.pdim.gs/06fdc69d9869a62cb718fff944215705.jpeg,0.2,14
117194_1482930150,1482931947,8362,14880,20291368,25380516,毕竟你柒妹丶,http://i8.pdim.gs/06fdc69d9869a62cb718fff944215705.jpeg,0.2,15
117194_1482930150,1482931948,8362,14880,20291368,25380516,毕竟你柒妹丶,http://i8.pdim.gs/06fdc69d9869a62cb718fff944215705.jpeg,0.2,16
117194_1482930150,1482931948,8362,14880,20291368,25380516,毕竟你柒妹丶,http://i8.pdim.gs/06fdc69d9869a62cb718fff944215705.jpeg,0.2,17
117194_1482930150,1482931948,8362,14880,20291368,25380516,毕竟你柒妹丶,http://i8.pdim.gs/06fdc69d9869a62cb718fff944215705.jpeg,0.2,18
117194_1482930150,1482931949,8362,14880,20291368,25380516,毕竟你柒妹丶,http://i8.pdim.gs/06fdc69d9869a62cb718fff944215705.jpeg,0.2,19
117194_1482930150,1482931949,8362,14880,20291368,25380516,毕竟你柒妹丶,http://i8.pdim.gs/06fdc69d9869a62cb718fff944215705.jpeg,0.2,20
117194_1482930150,1482931949,8362,14880,20291368,25380516,毕竟你柒妹丶,http://i8.pdim.gs/06fdc69d9869a62cb718fff944215705.jpeg,0.2,21
117194_1482930150,1482931950,8362,14880,20291368,25380516,毕竟你柒妹丶,http://i8.pdim.gs/06fdc69d9869a62cb718fff944215705.jpeg,0.2,22
117194_1482930150,1482931951,8362,14880,20291368,25380516,毕竟你柒妹丶,http://i8.pdim.gs/06fdc69d9869a62cb718fff944215705.jpeg,0.2,23
117194_1482930150,1482931951,8362,14880,20291368,25380516,毕竟你柒妹丶,http://i8.pdim.gs/06fdc69d9869a62cb718fff944215705.jpeg,0.2,24
117194_1482930150,1482931951,8362,14880,20291368,25380516,毕竟你柒妹丶,http://i8.pdim.gs/06fdc69d9869a62cb718fff944215705.jpeg,0.2,25
117194_1482930150,1482931952,8362,14880,20291368,25380516,毕竟你柒妹丶,http://i8.pdim.gs/06fdc69d9869a62cb718fff944215705.jpeg,0.2,26
117194_1482930150,1482931952,8362,14880,20291368,25380516,毕竟你柒妹丶,http://i8.pdim.gs/06fdc69d9869a62cb718fff944215705.jpeg,0.2,27
117194_1482930150,1482931953,8362,14880,20291368,25380516,毕竟你柒妹丶,http://i8.pdim.gs/06fdc69d9869a62cb718fff944215705.jpeg,0.2,28
117194_1482930150,1482931953,8362,14880,20291368,25380516,毕竟你柒妹丶,http://i8.pdim.gs/06fdc69d9869a62cb718fff944215705.jpeg,0.2,29
117194_1482930150,1482931954,8362,14880,20291368,25380516,毕竟你柒妹丶,http://i8.pdim.gs/06fdc69d9869a62cb718fff944215705.jpeg,0.2,30
117194_1482930150,1482931954,8362,14880,20291368,25380516,毕竟你柒妹丶,http://i8.pdim.gs/06fdc69d9869a62cb718fff944215705.jpeg,0.2,31
117194_1482930150,1482931955,8362,14880,20291368,25380516,毕竟你柒妹丶,http://i8.pdim.gs/06fdc69d9869a62cb718fff944215705.jpeg,0.2,32
117194_1482930150,1482931955,8362,14880,20291368,25380516,毕竟你柒妹丶,http://i8.pdim.gs/06fdc69d9869a62cb718fff944215705.jpeg,0.2,33
117194_1482930150,1482931956,8362,14880,20291368,25380516,毕竟你柒妹丶,http://i8.pdim.gs/06fdc69d9869a62cb718fff944215705.jpeg,0.2,34
117194_1482930150,1482931957,8362,14880,20291368,25380516,毕竟你柒妹丶,http://i8.pdim.gs/06fdc69d9869a62cb718fff944215705.jpeg,0.2,35
117194_1482930150,1482931957,8362,14880,20291368,25380516,毕竟你柒妹丶,http://i8.pdim.gs/06fdc69d9869a62cb718fff944215705.jpeg,0.2,36
117194_1482930150,1482931958,8362,14880,20291368,25380516,毕竟你柒妹丶,http://i8.pdim.gs/06fdc69d9869a62cb718fff944215705.jpeg,0.2,37
117194_1482930150,1482931959,8362,14880,20291368,25380516,毕竟你柒妹丶,http://i8.pdim.gs/06fdc69d9869a62cb718fff944215705.jpeg,0.2,38
117194_1482930150,1482931961,8362,14880,20291368,25380516,毕竟你柒妹丶,http://i8.pdim.gs/06fdc69d9869a62cb718fff944215705.jpeg,0.2,39
117194_1482930150,1482931962,8362,14880,20291368,25380516,毕竟你柒妹丶,http://i8.pdim.gs/06fdc69d9869a62cb718fff944215705.jpeg,0.2,40
117194_1482930150,1482931964,8362,14880,20291368,25380516,毕竟你柒妹丶,http://i8.pdim.gs/06fdc69d9869a62cb718fff944215705.jpeg,0.2,41
117194_1482930150,1482931965,8362,14880,20291368,25380516,毕竟你柒妹丶,http://i8.pdim.gs/06fdc69d9869a62cb718fff944215705.jpeg,0.2,42
117194_1482930150,1482931965,8362,14880,20291368,25380516,毕竟你柒妹丶,http://i8.pdim.gs/06fdc69d9869a62cb718fff944215705.jpeg,0.2,43
117194_1482930150,1482931966,8362,14880,20291368,25380516,毕竟你柒妹丶,http://i8.pdim.gs/06fdc69d9869a62cb718fff944215705.jpeg,0.2,44
117194_1482930150,1482931967,8362,14880,20291368,25380516,毕竟你柒妹丶,http://i8.pdim.gs/06fdc69d9869a62cb718fff944215705.jpeg,0.2,45
117194_1482930150,1482931969,8362,14880,20291368,25380516,毕竟你柒妹丶,http://i8.pdim.gs/06fdc69d9869a62cb718fff944215705.jpeg,0.2,46
117194_1482930150,1482931970,8860,14880,20291368,25380516,毕竟你柒妹丶,http://i8.pdim.gs/06fdc69d9869a62cb718fff944215705.jpeg,0.2,47
117194_1482930150,1482931971,8860,14880,20291368,25380516,毕竟你柒妹丶,http://i8.pdim.gs/06fdc69d9869a62cb718fff944215705.jpeg,0.2,48
117194_1482930150,1482931972,8860,14880,20291368,25380516,毕竟你柒妹丶,http://i8.pdim.gs/06fdc69d9869a62cb718fff944215705.jpeg,0.2,49
117194_1482930150,1482931973,8860,14880,20291368,25380516,毕竟你柒妹丶,http://i8.pdim.gs/06fdc69d9869a62cb718fff944215705.jpeg,0.2,50
117194_1482930150,1482933168,8690,14893,20293268,22231920,渝稚灏丶,http://i8.pdim.gs/8a9820a9de2ce1b294ea8dcba05569f8.jpg,0.2,1
117194_1482930150,1482933168,8690,14893,20293268,22231920,渝稚灏丶,http://i8.pdim.gs/8a9820a9de2ce1b294ea8dcba05569f8.jpg,0.2,2
117194_1482930150,1482933168,8690,14893,20293268,22231920,渝稚灏丶,http://i8.pdim.gs/8a9820a9de2ce1b294ea8dcba05569f8.jpg,0.2,3
117194_1482930150,1482933170,8690,14893,20293268,22231920,渝稚灏丶,http://i8.pdim.gs/8a9820a9de2ce1b294ea8dcba05569f8.jpg,0.2,4
117194_1482930150,1482933171,8690,14893,20293268,22231920,渝稚灏丶,http://i8.pdim.gs/8a9820a9de2ce1b294ea8dcba05569f8.jpg,0.2,5
117194_1482930150,1482933172,8690,14893,20293268,22231920,渝稚灏丶,http://i8.pdim.gs/8a9820a9de2ce1b294ea8dcba05569f8.jpg,0.2,6
117194_1482930150,1482933172,8690,14893,20293268,22231920,渝稚灏丶,http://i8.pdim.gs/8a9820a9de2ce1b294ea8dcba05569f8.jpg,0.2,7
117194_1482930150,1482933172,8690,14893,20293268,22231920,渝稚灏丶,http://i8.pdim.gs/8a9820a9de2ce1b294ea8dcba05569f8.jpg,0.2,8
117194_1482930150,1482933173,8690,14893,20293268,22231920,渝稚灏丶,http://i8.pdim.gs/8a9820a9de2ce1b294ea8dcba05569f8.jpg,0.2,9
117194_1482930150,1482933173,8690,14893,20293268,22231920,渝稚灏丶,http://i8.pdim.gs/8a9820a9de2ce1b294ea8dcba05569f8.jpg,0.2,10
117194_1482930150,1482933173,8690,14893,20293268,22231920,渝稚灏丶,http://i8.pdim.gs/8a9820a9de2ce1b294ea8dcba05569f8.jpg,0.2,11
117194_1482930150,1482933174,8690,14893,20293268,22231920,渝稚灏丶,http://i8.pdim.gs/8a9820a9de2ce1b294ea8dcba05569f8.jpg,0.2,12
117194_1482930150,1482933174,8690,14893,20293268,22231920,渝稚灏丶,http://i8.pdim.gs/8a9820a9de2ce1b294ea8dcba05569f8.jpg,0.2,13
117194_1482930150,1482933174,8690,14893,20293268,22231920,渝稚灏丶,http://i8.pdim.gs/8a9820a9de2ce1b294ea8dcba05569f8.jpg,0.2,14
117194_1482930150,1482933175,8690,14893,20293268,22231920,渝稚灏丶,http://i8.pdim.gs/8a9820a9de2ce1b294ea8dcba05569f8.jpg,0.2,15
117194_1482930150,1482933175,8690,14893,20293268,22231920,渝稚灏丶,http://i8.pdim.gs/8a9820a9de2ce1b294ea8dcba05569f8.jpg,0.2,16
117194_1482930150,1482933176,8690,14893,20293268,22231920,渝稚灏丶,http://i8.pdim.gs/8a9820a9de2ce1b294ea8dcba05569f8.jpg,0.2,17
117194_1482930150,1482933176,8690,14893,20293268,22231920,渝稚灏丶,http://i8.pdim.gs/8a9820a9de2ce1b294ea8dcba05569f8.jpg,0.2,18
117194_1482930150,1482933177,8690,14893,20293268,22231920,渝稚灏丶,http://i8.pdim.gs/8a9820a9de2ce1b294ea8dcba05569f8.jpg,0.2,19
117194_1482930150,1482933177,8690,14893,20293268,22231920,渝稚灏丶,http://i8.pdim.gs/8a9820a9de2ce1b294ea8dcba05569f8.jpg,0.2,20
117194_1482930150,1482933178,8690,14893,20293268,22231920,渝稚灏丶,http://i8.pdim.gs/8a9820a9de2ce1b294ea8dcba05569f8.jpg,0.2,21
117194_1482930150,1482933244,8647,14896,20294368,22231920,渝稚灏丶,http://i8.pdim.gs/8a9820a9de2ce1b294ea8dcba05569f8.jpg,0.2,1
117194_1482930150,1482933247,8647,14896,20294368,22231920,渝稚灏丶,http://i8.pdim.gs/8a9820a9de2ce1b294ea8dcba05569f8.jpg,0.2,22
117194_1482930150,1482933248,8647,14896,20294368,22231920,渝稚灏丶,http://i8.pdim.gs/8a9820a9de2ce1b294ea8dcba05569f8.jpg,0.2,23
117194_1482930150,1482933248,8647,14896,20294368,22231920,渝稚灏丶,http://i8.pdim.gs/8a9820a9de2ce1b294ea8dcba05569f8.jpg,0.2,24
117194_1482930150,1482933249,8647,14896,20294368,22231920,渝稚灏丶,http://i8.pdim.gs/8a9820a9de2ce1b294ea8dcba05569f8.jpg,0.2,25
117194_1482930150,1482933251,8647,14896,20294368,22231920,渝稚灏丶,http://i8.pdim.gs/8a9820a9de2ce1b294ea8dcba05569f8.jpg,0.2,26
117194_1482930150,1482933253,8647,14896,20294368,22231920,渝稚灏丶,http://i8.pdim.gs/8a9820a9de2ce1b294ea8dcba05569f8.jpg,0.2,27
117194_1482930150,1482933254,8647,14896,20294368,22231920,渝稚灏丶,http://i8.pdim.gs/8a9820a9de2ce1b294ea8dcba05569f8.jpg,0.2,28
117194_1482930150,1482933254,8647,14896,20294368,22231920,渝稚灏丶,http://i8.pdim.gs/8a9820a9de2ce1b294ea8dcba05569f8.jpg,0.2,29
117194_1482930150,1482933254,8647,14896,20294368,22231920,渝稚灏丶,http://i8.pdim.gs/8a9820a9de2ce1b294ea8dcba05569f8.jpg,0.2,30
117194_1482930150,1482933255,8647,14896,20294368,22231920,渝稚灏丶,http://i8.pdim.gs/8a9820a9de2ce1b294ea8dcba05569f8.jpg,0.2,31
117194_1482930150,1482933256,8647,14896,20294368,22231920,渝稚灏丶,http://i8.pdim.gs/8a9820a9de2ce1b294ea8dcba05569f8.jpg,0.2,33
117194_1482930150,1482933257,8647,14896,20294368,22231920,渝稚灏丶,http://i8.pdim.gs/8a9820a9de2ce1b294ea8dcba05569f8.jpg,0.2,34
117194_1482930150,1482933258,8647,14896,20294368,22231920,渝稚灏丶,http://i8.pdim.gs/8a9820a9de2ce1b294ea8dcba05569f8.jpg,0.2,35
117194_1482930150,1482933258,8647,14896,20294368,22231920,渝稚灏丶,http://i8.pdim.gs/8a9820a9de2ce1b294ea8dcba05569f8.jpg,0.2,36
117194_1482930150,1482933259,8647,14896,20294368,22231920,渝稚灏丶,http://i8.pdim.gs/8a9820a9de2ce1b294ea8dcba05569f8.jpg,0.2,37
117194_1482930150,1482933260,8647,14896,20294368,22231920,渝稚灏丶,http://i8.pdim.gs/8a9820a9de2ce1b294ea8dcba05569f8.jpg,0.2,38
117194_1482930150,1482933261,8647,14896,20294368,22231920,渝稚灏丶,http://i8.pdim.gs/8a9820a9de2ce1b294ea8dcba05569f8.jpg,0.2,39
117194_1482930150,1482933287,8647,14898,20294368,56822138,傅军2182,http://i7.pdim.gs/0257040380bd7d294a8017532c07e39b.jpg,0.2,1
117194_1482930150,1482933304,8228,14898,20294368,22231920,渝稚灏丶,http://i8.pdim.gs/8a9820a9de2ce1b294ea8dcba05569f8.jpg,0.2,40
117194_1482930150,1482933305,8228,14898,20294368,22231920,渝稚灏丶,http://i8.pdim.gs/8a9820a9de2ce1b294ea8dcba05569f8.jpg,0.2,41
117194_1482930150,1482933305,8228,14898,20294368,22231920,渝稚灏丶,http://i8.pdim.gs/8a9820a9de2ce1b294ea8dcba05569f8.jpg,0.2,42
117194_1482930150,1482933306,8228,14898,20294368,22231920,渝稚灏丶,http://i8.pdim.gs/8a9820a9de2ce1b294ea8dcba05569f8.jpg,0.2,43
117194_1482930150,1482933307,8228,14898,20294368,22231920,渝稚灏丶,http://i8.pdim.gs/8a9820a9de2ce1b294ea8dcba05569f8.jpg,0.2,44
117194_1482930150,1482933313,8228,14898,20294368,22231920,渝稚灏丶,http://i8.pdim.gs/8a9820a9de2ce1b294ea8dcba05569f8.jpg,0.2,2
117194_1482930150,1482933314,8228,14898,20294368,22231920,渝稚灏丶,http://i8.pdim.gs/8a9820a9de2ce1b294ea8dcba05569f8.jpg,0.2,3
117194_1482930150,1482933315,8228,14898,20294368,22231920,渝稚灏丶,http://i8.pdim.gs/8a9820a9de2ce1b294ea8dcba05569f8.jpg,0.2,4
117194_1482930150,1482933317,8228,14898,20294368,22231920,渝稚灏丶,http://i8.pdim.gs/8a9820a9de2ce1b294ea8dcba05569f8.jpg,0.2,5
117194_1482930150,1482933318,8228,14898,20294368,22231920,渝稚灏丶,http://i8.pdim.gs/8a9820a9de2ce1b294ea8dcba05569f8.jpg,0.2,6
117194_1482930150,1482933672,7750,14904,20294368,55848556,Eternal丶沙,http://i7.pdim.gs/8c62cf3d15d19e4afa24559630433c86.jpg,0.2,1
117194_1482930150,1482933675,7750,14904,20294368,55848556,Eternal丶沙,http://i7.pdim.gs/8c62cf3d15d19e4afa24559630433c86.jpg,0.2,2
117194_1482930150,1482933676,7750,14904,20294368,55848556,Eternal丶沙,http://i7.pdim.gs/8c62cf3d15d19e4afa24559630433c86.jpg,0.2,3
117194_1482930150,1482933677,7750,14904,20294368,55848556,Eternal丶沙,http://i7.pdim.gs/8c62cf3d15d19e4afa24559630433c86.jpg,0.2,4
117194_1482930150,1482933677,7750,14904,20294368,55848556,Eternal丶沙,http://i7.pdim.gs/8c62cf3d15d19e4afa24559630433c86.jpg,0.2,5
117194_1482930150,1482933678,7750,14904,20294368,55848556,Eternal丶沙,http://i7.pdim.gs/8c62cf3d15d19e4afa24559630433c86.jpg,0.2,6
117194_1482930150,1482933679,7750,14904,20294368,55848556,Eternal丶沙,http://i7.pdim.gs/8c62cf3d15d19e4afa24559630433c86.jpg,0.2,7
117194_1482930150,1482933680,7750,14904,20294368,55848556,Eternal丶沙,http://i7.pdim.gs/8c62cf3d15d19e4afa24559630433c86.jpg,0.2,8
117194_1482930150,1482933680,7750,14904,20294368,55848556,Eternal丶沙,http://i7.pdim.gs/8c62cf3d15d19e4afa24559630433c86.jpg,0.2,9
117194_1482930150,1482933681,7750,14904,20294368,55848556,Eternal丶沙,http://i7.pdim.gs/8c62cf3d15d19e4afa24559630433c86.jpg,0.2,10
117194_1482930150,1482934127,8053,14907,20295768,64319426,国产萌大大,http://i5.pdim.gs/5ada735f5fb3bef84dcf4fffd1c45b05.jpg,0.2,1
117194_1482930150,1482934249,8164,14909,20296068,55848556,Eternal丶沙,http://i7.pdim.gs/8c62cf3d15d19e4afa24559630433c86.jpg,0.2,1
117194_1482930150,1482934249,8164,14909,20296068,55848556,Eternal丶沙,http://i7.pdim.gs/8c62cf3d15d19e4afa24559630433c86.jpg,0.2,2
117194_1482930150,1482934250,8164,14909,20296068,55848556,Eternal丶沙,http://i7.pdim.gs/8c62cf3d15d19e4afa24559630433c86.jpg,0.2,3
117194_1482930150,1482934250,8164,14909,20296068,55848556,Eternal丶沙,http://i7.pdim.gs/8c62cf3d15d19e4afa24559630433c86.jpg,0.2,4
117194_1482930150,1482934251,8164,14909,20296068,55848556,Eternal丶沙,http://i7.pdim.gs/8c62cf3d15d19e4afa24559630433c86.jpg,0.2,5
117194_1482930150,1482934253,8164,14909,20296068,55848556,Eternal丶沙,http://i7.pdim.gs/8c62cf3d15d19e4afa24559630433c86.jpg,0.2,6
117194_1482930150,1482934264,8164,14909,20296068,55848556,Eternal丶沙,http://i7.pdim.gs/8c62cf3d15d19e4afa24559630433c86.jpg,0.2,7
117194_1482930150,1482934267,8164,14909,20296068,55848556,Eternal丶沙,http://i7.pdim.gs/8c62cf3d15d19e4afa24559630433c86.jpg,0.2,8
117194_1482930150,1482934269,8164,14909,20296068,55848556,Eternal丶沙,http://i7.pdim.gs/8c62cf3d15d19e4afa24559630433c86.jpg,0.2,9
117194_1482930150,1482934270,8164,14909,20296068,55848556,Eternal丶沙,http://i7.pdim.gs/8c62cf3d15d19e4afa24559630433c86.jpg,0.2,10
117194_1482930150,1482934610,7925,14915,20296068,37203748,魔笑娜妮,http://i8.pdim.gs/5ae08ca9667bd93c760028e3a08ad4a9.jpg,0.2,1
117194_1482930150,1482934610,7925,14915,20296068,37203748,魔笑娜妮,http://i8.pdim.gs/5ae08ca9667bd93c760028e3a08ad4a9.jpg,0.2,2
117194_1482930150,1482934771,7724,14917,20296068,45534422,锦衣夜行4961,http://i8.pdim.gs/7c41ef5d32d1e8d5027cc5f16900af17.jpg,0.0,
117194_1482930150,1482934772,7724,14917,20296068,45534422,锦衣夜行4961,http://i8.pdim.gs/7c41ef5d32d1e8d5027cc5f16900af17.jpg,0.0,
117194_1482930150,1482934773,7724,14917,20296068,45534422,锦衣夜行4961,http://i8.pdim.gs/7c41ef5d32d1e8d5027cc5f16900af17.jpg,0.0,
117194_1482930150,1482934776,7724,14917,20296068,45534422,锦衣夜行4961,http://i8.pdim.gs/7c41ef5d32d1e8d5027cc5f16900af17.jpg,0.0,
117194_1482930150,1482934776,7724,14917,20296068,45534422,锦衣夜行4961,http://i8.pdim.gs/7c41ef5d32d1e8d5027cc5f16900af17.jpg,0.0,
117194_1482930150,1482934776,7724,14917,20296068,45534422,锦衣夜行4961,http://i8.pdim.gs/7c41ef5d32d1e8d5027cc5f16900af17.jpg,0.0,
117194_1482930150,1482935615,8747,14919,20301708,36998412,起名字难的一哔,http://i7.pdim.gs/8b64cf4a0081c194b41c76f402014dc0.jpg,5.0,1
117194_1482930150,1482937243,8341,14921,20303408,37720880,道德闪闪,http://i6.pdim.gs/0e8def536dd17ecab8e6d9738441be19.jpg,0.2,1
117194_1482930150,1482937244,8341,14921,20303408,37720880,道德闪闪,http://i6.pdim.gs/0e8def536dd17ecab8e6d9738441be19.jpg,0.2,2
117194_1482930150,1482937245,8341,14921,20303408,37720880,道德闪闪,http://i6.pdim.gs/0e8def536dd17ecab8e6d9738441be19.jpg,0.2,3
117194_1482930150,1482937246,8341,14921,20303408,37720880,道德闪闪,http://i6.pdim.gs/0e8def536dd17ecab8e6d9738441be19.jpg,0.2,4
117194_1482930150,1482937247,8341,14921,20303408,37720880,道德闪闪,http://i6.pdim.gs/0e8def536dd17ecab8e6d9738441be19.jpg,0.2,5
117194_1482930150,1482937248,8341,14921,20303408,37720880,道德闪闪,http://i6.pdim.gs/0e8def536dd17ecab8e6d9738441be19.jpg,0.2,6
117194_1482930150,1482939051,9827,14923,20306528,38664698,狂艹陈梦雅,http://i8.pdim.gs/1235e3c4dd08b24f4c7156a4ab1357a8.jpg,0.2,1
117194_1482930150,1482939052,9827,14923,20306528,38664698,狂艹陈梦雅,http://i8.pdim.gs/1235e3c4dd08b24f4c7156a4ab1357a8.jpg,0.2,2
117194_1482930150,1482939053,9827,14923,20306528,38664698,狂艹陈梦雅,http://i8.pdim.gs/1235e3c4dd08b24f4c7156a4ab1357a8.jpg,0.2,3
117194_1482930150,1482939053,9827,14923,20306528,38664698,狂艹陈梦雅,http://i8.pdim.gs/1235e3c4dd08b24f4c7156a4ab1357a8.jpg,0.2,4
117194_1482930150,1482939055,9827,14923,20306528,38664698,狂艹陈梦雅,http://i8.pdim.gs/1235e3c4dd08b24f4c7156a4ab1357a8.jpg,0.2,5
117194_1482930150,1482939056,9827,14923,20306528,38664698,狂艹陈梦雅,http://i8.pdim.gs/1235e3c4dd08b24f4c7156a4ab1357a8.jpg,0.2,6
117194_1482930150,1482939056,9827,14923,20306528,38664698,狂艹陈梦雅,http://i8.pdim.gs/1235e3c4dd08b24f4c7156a4ab1357a8.jpg,0.2,7
117194_1482930150,1482939057,9827,14923,20306528,38664698,狂艹陈梦雅,http://i8.pdim.gs/1235e3c4dd08b24f4c7156a4ab1357a8.jpg,0.2,8
117194_1482930150,1482939057,9827,14923,20306528,38664698,狂艹陈梦雅,http://i8.pdim.gs/1235e3c4dd08b24f4c7156a4ab1357a8.jpg,0.2,9
117194_1482930150,1482939058,9827,14923,20306528,38664698,狂艹陈梦雅,http://i8.pdim.gs/1235e3c4dd08b24f4c7156a4ab1357a8.jpg,0.2,10
117194_1482930150,1482939058,9827,14923,20306528,38664698,狂艹陈梦雅,http://i8.pdim.gs/1235e3c4dd08b24f4c7156a4ab1357a8.jpg,0.2,11
117194_1482930150,1482939059,9827,14923,20306528,38664698,狂艹陈梦雅,http://i8.pdim.gs/1235e3c4dd08b24f4c7156a4ab1357a8.jpg,0.2,12
117194_1482930150,1482939060,9827,14923,20306528,38664698,狂艹陈梦雅,http://i8.pdim.gs/1235e3c4dd08b24f4c7156a4ab1357a8.jpg,0.2,13
117194_1482930150,1482939060,9827,14923,20306528,38664698,狂艹陈梦雅,http://i8.pdim.gs/1235e3c4dd08b24f4c7156a4ab1357a8.jpg,0.2,14
117194_1482930150,1482939061,9827,14923,20306528,38664698,狂艹陈梦雅,http://i8.pdim.gs/1235e3c4dd08b24f4c7156a4ab1357a8.jpg,0.2,15
117194_1482930150,1482939061,9827,14923,20306528,38664698,狂艹陈梦雅,http://i8.pdim.gs/1235e3c4dd08b24f4c7156a4ab1357a8.jpg,0.2,16
117194_1482930150,1482939062,9827,14923,20306528,38664698,狂艹陈梦雅,http://i8.pdim.gs/1235e3c4dd08b24f4c7156a4ab1357a8.jpg,0.2,17
117194_1482930150,1482939063,9827,14923,20306528,38664698,狂艹陈梦雅,http://i8.pdim.gs/1235e3c4dd08b24f4c7156a4ab1357a8.jpg,0.2,18
117194_1482930150,1482939063,9827,14923,20306528,38664698,狂艹陈梦雅,http://i8.pdim.gs/1235e3c4dd08b24f4c7156a4ab1357a8.jpg,0.2,19
117194_1482930150,1482939063,9827,14923,20306528,38664698,狂艹陈梦雅,http://i8.pdim.gs/1235e3c4dd08b24f4c7156a4ab1357a8.jpg,0.2,20
117194_1482930150,1482939064,9827,14923,20306528,38664698,狂艹陈梦雅,http://i8.pdim.gs/1235e3c4dd08b24f4c7156a4ab1357a8.jpg,0.2,21
117194_1482930150,1482939064,9827,14923,20306528,38664698,狂艹陈梦雅,http://i8.pdim.gs/1235e3c4dd08b24f4c7156a4ab1357a8.jpg,0.2,22
117194_1482930150,1482939065,9827,14923,20306528,38664698,狂艹陈梦雅,http://i8.pdim.gs/1235e3c4dd08b24f4c7156a4ab1357a8.jpg,0.2,23
117194_1482930150,1482939065,9827,14923,20306528,38664698,狂艹陈梦雅,http://i8.pdim.gs/1235e3c4dd08b24f4c7156a4ab1357a8.jpg,0.2,24
117194_1482930150,1482939065,9827,14923,20306528,38664698,狂艹陈梦雅,http://i8.pdim.gs/1235e3c4dd08b24f4c7156a4ab1357a8.jpg,0.2,25
117194_1482930150,1482939066,9827,14923,20306528,38664698,狂艹陈梦雅,http://i8.pdim.gs/1235e3c4dd08b24f4c7156a4ab1357a8.jpg,0.2,26
117194_1482930150,1482939066,9827,14923,20306528,38664698,狂艹陈梦雅,http://i8.pdim.gs/1235e3c4dd08b24f4c7156a4ab1357a8.jpg,0.2,27
117194_1482930150,1482939066,9827,14923,20306528,38664698,狂艹陈梦雅,http://i8.pdim.gs/1235e3c4dd08b24f4c7156a4ab1357a8.jpg,0.2,28
117194_1482930150,1482939067,9827,14923,20306528,38664698,狂艹陈梦雅,http://i8.pdim.gs/1235e3c4dd08b24f4c7156a4ab1357a8.jpg,0.2,29
117194_1482930150,1482939068,9827,14923,20306528,38664698,狂艹陈梦雅,http://i8.pdim.gs/1235e3c4dd08b24f4c7156a4ab1357a8.jpg,0.2,30
117194_1482930150,1482939068,9827,14923,20306528,38664698,狂艹陈梦雅,http://i8.pdim.gs/1235e3c4dd08b24f4c7156a4ab1357a8.jpg,0.2,31
117194_1482930150,1482939068,9827,14923,20306528,38664698,狂艹陈梦雅,http://i8.pdim.gs/1235e3c4dd08b24f4c7156a4ab1357a8.jpg,0.2,32
117194_1482930150,1482939069,9827,14923,20306528,38664698,狂艹陈梦雅,http://i8.pdim.gs/1235e3c4dd08b24f4c7156a4ab1357a8.jpg,0.2,33
117194_1482930150,1482939069,9827,14923,20306528,38664698,狂艹陈梦雅,http://i8.pdim.gs/1235e3c4dd08b24f4c7156a4ab1357a8.jpg,0.2,34
117194_1482930150,1482939070,9827,14923,20306528,38664698,狂艹陈梦雅,http://i8.pdim.gs/1235e3c4dd08b24f4c7156a4ab1357a8.jpg,0.2,35
117194_1482930150,1482939070,9827,14923,20306528,38664698,狂艹陈梦雅,http://i8.pdim.gs/1235e3c4dd08b24f4c7156a4ab1357a8.jpg,0.2,36
117194_1482930150,1482939071,9827,14923,20306528,38664698,狂艹陈梦雅,http://i8.pdim.gs/1235e3c4dd08b24f4c7156a4ab1357a8.jpg,0.2,37
117194_1482930150,1482939071,9827,14923,20306528,38664698,狂艹陈梦雅,http://i8.pdim.gs/1235e3c4dd08b24f4c7156a4ab1357a8.jpg,0.2,38
117194_1482930150,1482939071,9827,14923,20306528,38664698,狂艹陈梦雅,http://i8.pdim.gs/1235e3c4dd08b24f4c7156a4ab1357a8.jpg,0.2,39
117194_1482930150,1482939072,9827,14923,20306528,38664698,狂艹陈梦雅,http://i8.pdim.gs/1235e3c4dd08b24f4c7156a4ab1357a8.jpg,0.2,40
117194_1482930150,1482939072,9827,14923,20306528,38664698,狂艹陈梦雅,http://i8.pdim.gs/1235e3c4dd08b24f4c7156a4ab1357a8.jpg,0.2,41
117194_1482930150,1482939073,9827,14923,20306528,38664698,狂艹陈梦雅,http://i8.pdim.gs/1235e3c4dd08b24f4c7156a4ab1357a8.jpg,0.2,43
117194_1482930150,1482939073,9827,14923,20306528,38664698,狂艹陈梦雅,http://i8.pdim.gs/1235e3c4dd08b24f4c7156a4ab1357a8.jpg,0.2,42
117194_1482930150,1482939073,9827,14923,20306528,38664698,狂艹陈梦雅,http://i8.pdim.gs/1235e3c4dd08b24f4c7156a4ab1357a8.jpg,0.2,44
117194_1482930150,1482939074,9827,14923,20306528,38664698,狂艹陈梦雅,http://i8.pdim.gs/1235e3c4dd08b24f4c7156a4ab1357a8.jpg,0.2,45
117194_1482930150,1482939074,9827,14923,20306528,38664698,狂艹陈梦雅,http://i8.pdim.gs/1235e3c4dd08b24f4c7156a4ab1357a8.jpg,0.2,46
117194_1482930150,1482939074,9827,14923,20306528,38664698,狂艹陈梦雅,http://i8.pdim.gs/1235e3c4dd08b24f4c7156a4ab1357a8.jpg,0.2,47
117194_1482930150,1482939075,9827,14923,20306528,38664698,狂艹陈梦雅,http://i8.pdim.gs/1235e3c4dd08b24f4c7156a4ab1357a8.jpg,0.2,48
117194_1482930150,1482939075,9827,14923,20306528,38664698,狂艹陈梦雅,http://i8.pdim.gs/1235e3c4dd08b24f4c7156a4ab1357a8.jpg,0.2,49
117194_1482930150,1482939076,9827,14923,20306528,38664698,狂艹陈梦雅,http://i8.pdim.gs/1235e3c4dd08b24f4c7156a4ab1357a8.jpg,0.2,50
117194_1482930150,1482939266,10661,14924,20307328,25520914,宇宙超级无敌666,http://i7.pdim.gs/fc6f545426638431100f25e7118cb021.jpg,0.2,520
117194_1482930150,1482940047,11667,14925,20308628,22231920,渝稚灏丶,http://i8.pdim.gs/8a9820a9de2ce1b294ea8dcba05569f8.jpg,100.0,1
117194_1482930150,1482940295,10430,14928,20308628,36595194,茱莉丶西格,http://i8.pdim.gs/6c1730576d4d752cdf11090a4ddb933c.png,5.0,1
