453802_1482829714,1482839541,71397,82627,6829326,34554700,小QQ君,http://i6.pdim.gs/38e17683ae317e18758ec5a64ec6a270.jpeg,5.0,1
453802_1482829714,1482839660,68501,82630,6836092,52058898,海鸟跟鱼相爱丶丶,http://i7.pdim.gs/0257040380bd7d294a8017532c07e39b.jpg,0.2,1
453802_1482829714,1482839660,68501,82630,6836092,52058898,海鸟跟鱼相爱丶丶,http://i7.pdim.gs/0257040380bd7d294a8017532c07e39b.jpg,0.2,2
453802_1482829714,1482839660,68501,82630,6836092,52058898,海鸟跟鱼相爱丶丶,http://i7.pdim.gs/0257040380bd7d294a8017532c07e39b.jpg,0.2,3
453802_1482829714,1482839660,68501,82630,6836092,52058898,海鸟跟鱼相爱丶丶,http://i7.pdim.gs/0257040380bd7d294a8017532c07e39b.jpg,0.2,4
453802_1482829714,1482839660,68501,82630,6836092,52058898,海鸟跟鱼相爱丶丶,http://i7.pdim.gs/0257040380bd7d294a8017532c07e39b.jpg,0.2,5
453802_1482829714,1482839661,68501,82630,6836092,52058898,海鸟跟鱼相爱丶丶,http://i7.pdim.gs/0257040380bd7d294a8017532c07e39b.jpg,0.2,6
453802_1482829714,1482841572,51888,82651,6837012,34554700,小QQ君,http://i6.pdim.gs/38e17683ae317e18758ec5a64ec6a270.jpeg,5.0,1
453802_1482829714,1482841802,49264,82660,6855863,29528490,明天去参军,http://i3.pdim.gs/t0125a81510a69c16ce.jpg,0.2,1
453802_1482829714,1482841802,49264,82660,6855863,29528490,明天去参军,http://i3.pdim.gs/t0125a81510a69c16ce.jpg,0.2,2
453802_1482829714,1482841804,49264,82660,6855863,29528490,明天去参军,http://i3.pdim.gs/t0125a81510a69c16ce.jpg,0.2,3
453802_1482829714,1482841805,49264,82660,6855863,29528490,明天去参军,http://i3.pdim.gs/t0125a81510a69c16ce.jpg,0.2,4
453802_1482829714,1482841806,49264,82660,6855863,29528490,明天去参军,http://i3.pdim.gs/t0125a81510a69c16ce.jpg,0.2,5
453802_1482829714,1482841808,49264,82660,6855863,29528490,明天去参军,http://i3.pdim.gs/t0125a81510a69c16ce.jpg,0.2,6
453802_1482829714,1482841809,49264,82660,6855863,29528490,明天去参军,http://i3.pdim.gs/t0125a81510a69c16ce.jpg,0.2,7
453802_1482829714,1482841811,49264,82660,6855863,29528490,明天去参军,http://i3.pdim.gs/t0125a81510a69c16ce.jpg,0.2,8
453802_1482829714,1482841812,49264,82661,6855863,29528490,明天去参军,http://i3.pdim.gs/t0125a81510a69c16ce.jpg,0.2,9
453802_1482829714,1482841813,49264,82661,6855863,29528490,明天去参军,http://i3.pdim.gs/t0125a81510a69c16ce.jpg,0.2,10
453802_1482829714,1482841814,49264,82661,6855863,29528490,明天去参军,http://i3.pdim.gs/t0125a81510a69c16ce.jpg,0.2,11
453802_1482829714,1482841816,49264,82661,6855863,29528490,明天去参军,http://i3.pdim.gs/t0125a81510a69c16ce.jpg,0.2,12
453802_1482829714,1482841817,49264,82661,6855863,29528490,明天去参军,http://i3.pdim.gs/t0125a81510a69c16ce.jpg,0.2,13
453802_1482829714,1482841819,49264,82661,6855863,29528490,明天去参军,http://i3.pdim.gs/t0125a81510a69c16ce.jpg,0.2,14
453802_1482829714,1482841819,49264,82661,6855863,29528490,明天去参军,http://i3.pdim.gs/t0125a81510a69c16ce.jpg,0.2,15
453802_1482829714,1482841821,49264,82661,6855863,29528490,明天去参军,http://i3.pdim.gs/t0125a81510a69c16ce.jpg,0.2,16
453802_1482829714,1482841822,49264,82661,6855863,29528490,明天去参军,http://i3.pdim.gs/t0125a81510a69c16ce.jpg,0.2,17
453802_1482829714,1482841823,49264,82661,6855863,29528490,明天去参军,http://i3.pdim.gs/t0125a81510a69c16ce.jpg,0.2,18
453802_1482829714,1482841825,49264,82661,6855863,29528490,明天去参军,http://i3.pdim.gs/t0125a81510a69c16ce.jpg,0.2,19
453802_1482829714,1482841827,49264,82661,6855863,29528490,明天去参军,http://i3.pdim.gs/t0125a81510a69c16ce.jpg,0.2,20
453802_1482829714,1482841829,49264,82661,6855863,29528490,明天去参军,http://i3.pdim.gs/t0125a81510a69c16ce.jpg,0.2,21
453802_1482829714,1482841831,49264,82661,6855863,29528490,明天去参军,http://i3.pdim.gs/t0125a81510a69c16ce.jpg,0.2,22
453802_1482829714,1482841833,49264,82661,6855863,29528490,明天去参军,http://i3.pdim.gs/t0125a81510a69c16ce.jpg,0.2,23
453802_1482829714,1482841834,49264,82661,6855863,29528490,明天去参军,http://i3.pdim.gs/t0125a81510a69c16ce.jpg,0.2,24
453802_1482829714,1482841836,49264,82661,6855863,29528490,明天去参军,http://i3.pdim.gs/t0125a81510a69c16ce.jpg,0.2,25
453802_1482829714,1482841838,49264,82661,6855863,29528490,明天去参军,http://i3.pdim.gs/t0125a81510a69c16ce.jpg,0.2,26
453802_1482829714,1482841839,49264,82661,6855863,29528490,明天去参军,http://i3.pdim.gs/t0125a81510a69c16ce.jpg,0.2,27
453802_1482829714,1482841841,49264,82661,6855863,29528490,明天去参军,http://i3.pdim.gs/t0125a81510a69c16ce.jpg,0.2,28
453802_1482829714,1482841845,45911,82660,6855863,29528490,明天去参军,http://i3.pdim.gs/t0125a81510a69c16ce.jpg,0.2,29
453802_1482829714,1482841847,45911,82660,6855863,29528490,明天去参军,http://i3.pdim.gs/t0125a81510a69c16ce.jpg,0.2,30
453802_1482829714,1482841849,45911,82660,6855863,29528490,明天去参军,http://i3.pdim.gs/t0125a81510a69c16ce.jpg,0.2,31
453802_1482829714,1482841851,45911,82660,6855863,29528490,明天去参军,http://i3.pdim.gs/t0125a81510a69c16ce.jpg,0.2,32
453802_1482829714,1482841853,45911,82660,6855863,29528490,明天去参军,http://i3.pdim.gs/t0125a81510a69c16ce.jpg,0.2,33
453802_1482829714,1482841855,45911,82660,6855863,29528490,明天去参军,http://i3.pdim.gs/t0125a81510a69c16ce.jpg,0.2,34
453802_1482829714,1482841857,45911,82660,6855863,29528490,明天去参军,http://i3.pdim.gs/t0125a81510a69c16ce.jpg,0.2,35
453802_1482829714,1482843775,43037,82662,6856163,36430116,赵小胖i,http://i6.pdim.gs/288d0a2ef1000e7c2a0bfe214588c0e7.jpg,0.2,1
453802_1482829714,1482843776,43037,82662,6856163,36430116,赵小胖i,http://i6.pdim.gs/288d0a2ef1000e7c2a0bfe214588c0e7.jpg,0.2,2
453802_1482829714,1482843777,43037,82662,6856163,36430116,赵小胖i,http://i6.pdim.gs/288d0a2ef1000e7c2a0bfe214588c0e7.jpg,0.2,3
453802_1482829714,1482843777,43037,82662,6856163,36430116,赵小胖i,http://i6.pdim.gs/288d0a2ef1000e7c2a0bfe214588c0e7.jpg,0.2,4
453802_1482829714,1482843778,43037,82662,6856163,36430116,赵小胖i,http://i6.pdim.gs/288d0a2ef1000e7c2a0bfe214588c0e7.jpg,0.2,5
453802_1482829714,1482843779,43037,82662,6856163,36430116,赵小胖i,http://i6.pdim.gs/288d0a2ef1000e7c2a0bfe214588c0e7.jpg,0.2,6
453802_1482829714,1482843779,43037,82662,6856163,36430116,赵小胖i,http://i6.pdim.gs/288d0a2ef1000e7c2a0bfe214588c0e7.jpg,0.2,7
453802_1482829714,1482843780,42963,82662,6856163,36430116,赵小胖i,http://i6.pdim.gs/288d0a2ef1000e7c2a0bfe214588c0e7.jpg,0.2,8
453802_1482829714,1482843781,42963,82662,6856163,36430116,赵小胖i,http://i6.pdim.gs/288d0a2ef1000e7c2a0bfe214588c0e7.jpg,0.2,9
453802_1482829714,1482843781,42963,82662,6856163,36430116,赵小胖i,http://i6.pdim.gs/288d0a2ef1000e7c2a0bfe214588c0e7.jpg,0.2,10
453802_1482829714,1482843782,42963,82662,6856163,36430116,赵小胖i,http://i6.pdim.gs/288d0a2ef1000e7c2a0bfe214588c0e7.jpg,0.2,11
453802_1482829714,1482843783,42963,82662,6856163,36430116,赵小胖i,http://i6.pdim.gs/288d0a2ef1000e7c2a0bfe214588c0e7.jpg,0.2,12
453802_1482829714,1482843784,42963,82662,6856163,36430116,赵小胖i,http://i6.pdim.gs/288d0a2ef1000e7c2a0bfe214588c0e7.jpg,0.2,13
453802_1482829714,1482843784,42963,82662,6856163,36430116,赵小胖i,http://i6.pdim.gs/288d0a2ef1000e7c2a0bfe214588c0e7.jpg,0.2,14
453802_1482829714,1482843785,42963,82662,6856163,36430116,赵小胖i,http://i6.pdim.gs/288d0a2ef1000e7c2a0bfe214588c0e7.jpg,0.2,15
453802_1482829714,1482843786,42963,82662,6856163,36430116,赵小胖i,http://i6.pdim.gs/288d0a2ef1000e7c2a0bfe214588c0e7.jpg,0.2,16
453802_1482829714,1482843786,42963,82662,6856163,36430116,赵小胖i,http://i6.pdim.gs/288d0a2ef1000e7c2a0bfe214588c0e7.jpg,0.2,17
453802_1482829714,1482843787,42963,82662,6856163,36430116,赵小胖i,http://i6.pdim.gs/288d0a2ef1000e7c2a0bfe214588c0e7.jpg,0.2,18
453802_1482829714,1482843788,42963,82662,6856163,36430116,赵小胖i,http://i6.pdim.gs/288d0a2ef1000e7c2a0bfe214588c0e7.jpg,0.2,19
453802_1482829714,1482843788,42963,82662,6856163,36430116,赵小胖i,http://i6.pdim.gs/288d0a2ef1000e7c2a0bfe214588c0e7.jpg,0.2,20
453802_1482829714,1482843789,42963,82662,6856163,36430116,赵小胖i,http://i6.pdim.gs/288d0a2ef1000e7c2a0bfe214588c0e7.jpg,0.2,21
453802_1482829714,1482843790,42963,82662,6856163,36430116,赵小胖i,http://i6.pdim.gs/288d0a2ef1000e7c2a0bfe214588c0e7.jpg,0.2,22
453802_1482829714,1482843791,42963,82662,6856163,36430116,赵小胖i,http://i6.pdim.gs/288d0a2ef1000e7c2a0bfe214588c0e7.jpg,0.2,23
453802_1482829714,1482843791,42963,82662,6856163,36430116,赵小胖i,http://i6.pdim.gs/288d0a2ef1000e7c2a0bfe214588c0e7.jpg,0.2,24
453802_1482829714,1482843792,42963,82662,6856163,36430116,赵小胖i,http://i6.pdim.gs/288d0a2ef1000e7c2a0bfe214588c0e7.jpg,0.2,25
6666_1482836465,1482854215,5134668,2780236,538420157,56690304,chiaki七海千秋,http://i6.pdim.gs/b483f7c5db44435c7161a5722378dd39.jpg,0.2,1
6666_1482836465,1482854218,5134668,2780236,538420157,56690304,chiaki七海千秋,http://i6.pdim.gs/b483f7c5db44435c7161a5722378dd39.jpg,0.2,4
6666_1482836465,1482854260,5134668,2780262,538422057,32903326,k1122,http://i6.pdim.gs/402412c5b3ab3796d0c60fa5c68d39a1.jpg,0.2,3
6666_1482836465,1482854260,5134668,2780262,538422057,32903326,k1122,http://i6.pdim.gs/402412c5b3ab3796d0c60fa5c68d39a1.jpg,0.2,2
6666_1482836465,1482854261,5134668,2780262,538422057,32903326,k1122,http://i6.pdim.gs/402412c5b3ab3796d0c60fa5c68d39a1.jpg,0.2,4
6666_1482836465,1482854261,5134668,2780262,538422057,32903326,k1122,http://i6.pdim.gs/402412c5b3ab3796d0c60fa5c68d39a1.jpg,0.2,6
6666_1482836465,1482854262,5134668,2780262,538422057,32903326,k1122,http://i6.pdim.gs/402412c5b3ab3796d0c60fa5c68d39a1.jpg,0.2,7
6666_1482836465,1482854262,5134668,2780262,538422057,32903326,k1122,http://i6.pdim.gs/402412c5b3ab3796d0c60fa5c68d39a1.jpg,0.2,10
6666_1482836465,1482854262,5134668,2780262,538422057,32903326,k1122,http://i6.pdim.gs/402412c5b3ab3796d0c60fa5c68d39a1.jpg,0.2,9
6666_1482836465,1482854262,5134668,2780262,538422057,32903326,k1122,http://i6.pdim.gs/402412c5b3ab3796d0c60fa5c68d39a1.jpg,0.2,8
6666_1482836465,1482854264,5134668,2780262,538422057,32903326,k1122,http://i6.pdim.gs/402412c5b3ab3796d0c60fa5c68d39a1.jpg,0.2,14
6666_1482836465,1482854264,5134668,2780262,538422057,32903326,k1122,http://i6.pdim.gs/402412c5b3ab3796d0c60fa5c68d39a1.jpg,0.2,15
6666_1482836465,1482854264,5134668,2780262,538422057,32903326,k1122,http://i6.pdim.gs/402412c5b3ab3796d0c60fa5c68d39a1.jpg,0.2,16
6666_1482836465,1482854266,5134668,2780262,538422057,32903326,k1122,http://i6.pdim.gs/402412c5b3ab3796d0c60fa5c68d39a1.jpg,0.2,23
6666_1482836465,1482854266,5134668,2780262,538422057,32903326,k1122,http://i6.pdim.gs/402412c5b3ab3796d0c60fa5c68d39a1.jpg,0.2,24
6666_1482836465,1482854266,5134668,2780262,538422057,32903326,k1122,http://i6.pdim.gs/402412c5b3ab3796d0c60fa5c68d39a1.jpg,0.2,25
6666_1482836465,1482854267,5134668,2780262,538422057,32903326,k1122,http://i6.pdim.gs/402412c5b3ab3796d0c60fa5c68d39a1.jpg,0.2,27
6666_1482836465,1482854267,5134668,2780262,538422057,32903326,k1122,http://i6.pdim.gs/402412c5b3ab3796d0c60fa5c68d39a1.jpg,0.2,28
6666_1482836465,1482854268,5134668,2780262,538422057,32903326,k1122,http://i6.pdim.gs/402412c5b3ab3796d0c60fa5c68d39a1.jpg,0.2,31
6666_1482836465,1482854268,5134668,2780262,538422057,32903326,k1122,http://i6.pdim.gs/402412c5b3ab3796d0c60fa5c68d39a1.jpg,0.2,32
6666_1482836465,1482854268,5083320,2780312,538427850,32903326,k1122,http://i6.pdim.gs/402412c5b3ab3796d0c60fa5c68d39a1.jpg,0.2,33
6666_1482836465,1482854268,5083320,2780312,538427850,32903326,k1122,http://i6.pdim.gs/402412c5b3ab3796d0c60fa5c68d39a1.jpg,0.2,34
6666_1482836465,1482854274,5083320,2780312,538427850,59256316,错只在于我的桀骜不驯,http://i7.pdim.gs/0257040380bd7d294a8017532c07e39b.jpg,0.2,1
6666_1482836465,1482854275,5083320,2780312,538427850,59256316,错只在于我的桀骜不驯,http://i7.pdim.gs/0257040380bd7d294a8017532c07e39b.jpg,0.2,3
6666_1482836465,1482854275,5083320,2780312,538427850,59256316,错只在于我的桀骜不驯,http://i7.pdim.gs/0257040380bd7d294a8017532c07e39b.jpg,0.2,2
6666_1482836465,1482854275,5083320,2780312,538427850,59256316,错只在于我的桀骜不驯,http://i7.pdim.gs/0257040380bd7d294a8017532c07e39b.jpg,0.2,4
6666_1482836465,1482854275,5083320,2780312,538427850,59256316,错只在于我的桀骜不驯,http://i7.pdim.gs/0257040380bd7d294a8017532c07e39b.jpg,0.2,5
6666_1482836465,1482854276,5083320,2780312,538427850,59256316,错只在于我的桀骜不驯,http://i7.pdim.gs/0257040380bd7d294a8017532c07e39b.jpg,0.2,6
6666_1482836465,1482854276,5083320,2780312,538427850,59256316,错只在于我的桀骜不驯,http://i7.pdim.gs/0257040380bd7d294a8017532c07e39b.jpg,0.2,7
6666_1482836465,1482854278,5083320,2780312,538427850,59256316,错只在于我的桀骜不驯,http://i7.pdim.gs/0257040380bd7d294a8017532c07e39b.jpg,0.2,11
6666_1482836465,1482854278,5083320,2780312,538427850,59256316,错只在于我的桀骜不驯,http://i7.pdim.gs/0257040380bd7d294a8017532c07e39b.jpg,0.2,9
6666_1482836465,1482854279,5083320,2780312,538427850,59256316,错只在于我的桀骜不驯,http://i7.pdim.gs/0257040380bd7d294a8017532c07e39b.jpg,0.2,12
6666_1482836465,1482854289,5083320,2780312,538427850,31598252,无良小孩,http://i7.pdim.gs/0257040380bd7d294a8017532c07e39b.jpg,0.2,1
6666_1482836465,1482854322,5127433,2780364,538444170,62425840,xmoqimgzpr4ds721,http://i7.pdim.gs/0257040380bd7d294a8017532c07e39b.jpg,0.2,1
6666_1482836465,1482854352,5032484,2780396,538447390,57598684,PDD专场直播666,http://i7.pdim.gs/0257040380bd7d294a8017532c07e39b.jpg,0.2,2
6666_1482836465,1482854353,5032484,2780396,538447390,57598684,PDD专场直播666,http://i7.pdim.gs/0257040380bd7d294a8017532c07e39b.jpg,0.2,4
6666_1482836465,1482854354,5032484,2780396,538447390,57598684,PDD专场直播666,http://i7.pdim.gs/0257040380bd7d294a8017532c07e39b.jpg,0.2,5
6666_1482836465,1482854355,5032484,2780396,538447390,57598684,PDD专场直播666,http://i7.pdim.gs/0257040380bd7d294a8017532c07e39b.jpg,0.2,7
6666_1482836465,1482854760,4551248,2780786,538465470,43513510,即将拥有腹肌的ZKK,http://i6.pdim.gs/78c463ec36f111efd707cd704cf7da6a.jpeg,5.0,1
6666_1482836465,1482854814,4505732,2780852,538470890,60832586,枫潇夜,http://i7.pdim.gs/0257040380bd7d294a8017532c07e39b.jpg,0.2,1
6666_1482836465,1482854815,4505732,2780852,538470890,60832586,枫潇夜,http://i7.pdim.gs/0257040380bd7d294a8017532c07e39b.jpg,0.2,2
6666_1482836465,1482854816,4505732,2780852,538470890,60832586,枫潇夜,http://i7.pdim.gs/0257040380bd7d294a8017532c07e39b.jpg,0.2,3
6666_1482836465,1482854816,4505732,2780852,538470890,60832586,枫潇夜,http://i7.pdim.gs/0257040380bd7d294a8017532c07e39b.jpg,0.2,5
6666_1482836465,1482854862,4505731,2780943,538482510,30864724,关公战相公,http://i5.pdim.gs/9e471a07eca8ac93033ca3807553d519.jpg,0.2,1
6666_1482836465,1482854865,4505731,2780943,538482510,60832586,枫潇夜,http://i7.pdim.gs/0257040380bd7d294a8017532c07e39b.jpg,0.2,6
6666_1482836465,1482854866,4505731,2780943,538482510,60832586,枫潇夜,http://i7.pdim.gs/0257040380bd7d294a8017532c07e39b.jpg,0.2,7
6666_1482836465,1482854866,4505731,2780943,538482510,60832586,枫潇夜,http://i7.pdim.gs/0257040380bd7d294a8017532c07e39b.jpg,0.2,8
6666_1482836465,1482854867,4505731,2780943,538482510,60832586,枫潇夜,http://i7.pdim.gs/0257040380bd7d294a8017532c07e39b.jpg,0.2,10
6666_1482836465,1482854867,4505731,2780943,538482510,60832586,枫潇夜,http://i7.pdim.gs/0257040380bd7d294a8017532c07e39b.jpg,0.2,11
6666_1482836465,1482854868,4505731,2780943,538482510,60832586,枫潇夜,http://i7.pdim.gs/0257040380bd7d294a8017532c07e39b.jpg,0.2,14
6666_1482836465,1482854868,4505731,2780943,538482510,60832586,枫潇夜,http://i7.pdim.gs/0257040380bd7d294a8017532c07e39b.jpg,0.2,15
6666_1482836465,1482854869,4505731,2780943,538482510,60832586,枫潇夜,http://i7.pdim.gs/0257040380bd7d294a8017532c07e39b.jpg,0.2,16
6666_1482836465,1482854869,4505731,2780943,538482510,60832586,枫潇夜,http://i7.pdim.gs/0257040380bd7d294a8017532c07e39b.jpg,0.2,17
6666_1482836465,1482855067,4460668,2780995,538484230,31193660,2016野生铂金,http://i7.pdim.gs/d0446c12c8535e93f30990dadfccb629.jpeg,1000.0,1
6666_1482836465,1482855181,4460668,2780995,538484230,53902990,岚小蓝c,http://i8.pdim.gs/b94d6cbb5009f5b0e9af82a6ff8ee0ff.jpg,0.2,1
6666_1482836465,1482855214,4460668,2780995,538484230,44100786,19973748,http://i7.pdim.gs/5f3f61a204c7e7938c4d89c788e0cf6e.jpg,0.2,1
6666_1482836465,1482855270,4284891,2781339,538498490,33016024,爱飞走,http://i6.pdim.gs/e543b50985464fd7014a190df9798ad1.jpg,0.2,1
6666_1482836465,1482855331,4328176,2781437,538502710,58872938,鱼哥QAQ,http://i9.pdim.gs/08e8e16cf034359036e47854f45136b3.png,0.2,1
6666_1482836465,1482855343,4157619,2781474,538504210,58872938,鱼哥QAQ,http://i9.pdim.gs/08e8e16cf034359036e47854f45136b3.png,0.2,2
6666_1482836465,1482855345,4157619,2781474,538504210,58872938,鱼哥QAQ,http://i9.pdim.gs/08e8e16cf034359036e47854f45136b3.png,0.2,3
6666_1482836465,1482855347,4157619,2781474,538504210,58872938,鱼哥QAQ,http://i9.pdim.gs/08e8e16cf034359036e47854f45136b3.png,0.2,4
6666_1482836465,1482855348,4157619,2781474,538504210,58872938,鱼哥QAQ,http://i9.pdim.gs/08e8e16cf034359036e47854f45136b3.png,0.2,5
6666_1482836465,1482855349,4157619,2781474,538504210,58872938,鱼哥QAQ,http://i9.pdim.gs/08e8e16cf034359036e47854f45136b3.png,0.2,6
6666_1482836465,1482855350,4157619,2781474,538504210,58872938,鱼哥QAQ,http://i9.pdim.gs/08e8e16cf034359036e47854f45136b3.png,0.2,7
6666_1482836465,1482855351,4157619,2781474,538504210,58872938,鱼哥QAQ,http://i9.pdim.gs/08e8e16cf034359036e47854f45136b3.png,0.2,8
6666_1482836465,1482855353,4157619,2781474,538504210,58872938,鱼哥QAQ,http://i9.pdim.gs/08e8e16cf034359036e47854f45136b3.png,0.2,9
6666_1482836465,1482855354,4157619,2781474,538504210,58872938,鱼哥QAQ,http://i9.pdim.gs/08e8e16cf034359036e47854f45136b3.png,0.2,10
6666_1482836465,1482855356,4157619,2781474,538504210,58872938,鱼哥QAQ,http://i9.pdim.gs/08e8e16cf034359036e47854f45136b3.png,0.2,11
6666_1482836465,1482855359,4157619,2781474,538504210,58872938,鱼哥QAQ,http://i9.pdim.gs/08e8e16cf034359036e47854f45136b3.png,0.2,13
6666_1482836465,1482855361,4157619,2781474,538504210,58872938,鱼哥QAQ,http://i9.pdim.gs/08e8e16cf034359036e47854f45136b3.png,0.2,14
6666_1482836465,1482855362,4157619,2781474,538504210,58872938,鱼哥QAQ,http://i9.pdim.gs/08e8e16cf034359036e47854f45136b3.png,0.2,15
6666_1482836465,1482855363,4157619,2781474,538504210,58872938,鱼哥QAQ,http://i9.pdim.gs/08e8e16cf034359036e47854f45136b3.png,0.2,16
6666_1482836465,1482855365,4157619,2781474,538504210,58872938,鱼哥QAQ,http://i9.pdim.gs/08e8e16cf034359036e47854f45136b3.png,0.2,17
6666_1482836465,1482855367,4157619,2781474,538504210,58872938,鱼哥QAQ,http://i9.pdim.gs/08e8e16cf034359036e47854f45136b3.png,0.2,18
6666_1482836465,1482855369,4242042,2781500,538505330,58872938,鱼哥QAQ,http://i9.pdim.gs/08e8e16cf034359036e47854f45136b3.png,0.2,19
6666_1482836465,1482855371,4242042,2781500,538505330,58872938,鱼哥QAQ,http://i9.pdim.gs/08e8e16cf034359036e47854f45136b3.png,0.2,20
6666_1482836465,1482855377,4242042,2781500,538505330,53902990,岚小蓝c,http://i8.pdim.gs/b94d6cbb5009f5b0e9af82a6ff8ee0ff.jpg,0.2,2
6666_1482836465,1482855377,4242042,2781500,538505330,58872938,鱼哥QAQ,http://i9.pdim.gs/08e8e16cf034359036e47854f45136b3.png,0.2,21
6666_1482836465,1482855385,4242042,2781500,538505330,58872938,鱼哥QAQ,http://i9.pdim.gs/08e8e16cf034359036e47854f45136b3.png,0.2,22
6666_1482836465,1482855386,4242042,2781500,538505330,58872938,鱼哥QAQ,http://i9.pdim.gs/08e8e16cf034359036e47854f45136b3.png,0.2,23
6666_1482836465,1482855389,4242042,2781500,538505330,58872938,鱼哥QAQ,http://i9.pdim.gs/08e8e16cf034359036e47854f45136b3.png,0.2,25
6666_1482836465,1482855401,4116039,2781533,538509450,53902990,岚小蓝c,http://i8.pdim.gs/b94d6cbb5009f5b0e9af82a6ff8ee0ff.jpg,0.2,3
6666_1482836465,1482855401,4116039,2781533,538509450,53902990,岚小蓝c,http://i8.pdim.gs/b94d6cbb5009f5b0e9af82a6ff8ee0ff.jpg,0.2,4
6666_1482836465,1482855402,4116039,2781533,538509450,53902990,岚小蓝c,http://i8.pdim.gs/b94d6cbb5009f5b0e9af82a6ff8ee0ff.jpg,0.2,6
6666_1482836465,1482855402,4116039,2781533,538509450,53902990,岚小蓝c,http://i8.pdim.gs/b94d6cbb5009f5b0e9af82a6ff8ee0ff.jpg,0.2,7
6666_1482836465,1482855402,4116039,2781533,538509450,53902990,岚小蓝c,http://i8.pdim.gs/b94d6cbb5009f5b0e9af82a6ff8ee0ff.jpg,0.2,8
6666_1482836465,1482855402,4116039,2781533,538509450,53902990,岚小蓝c,http://i8.pdim.gs/b94d6cbb5009f5b0e9af82a6ff8ee0ff.jpg,0.2,5
6666_1482836465,1482855420,4116039,2781533,538509450,53902990,岚小蓝c,http://i8.pdim.gs/b94d6cbb5009f5b0e9af82a6ff8ee0ff.jpg,0.2,9
6666_1482836465,1482855423,4116039,2781533,538509450,34174686,穷的就剩钱啊,http://i7.pdim.gs/0257040380bd7d294a8017532c07e39b.jpg,0.2,1
6666_1482836465,1482855424,4116039,2781533,538509450,34174686,穷的就剩钱啊,http://i7.pdim.gs/0257040380bd7d294a8017532c07e39b.jpg,0.2,2
6666_1482836465,1482855424,4116039,2781533,538509450,34174686,穷的就剩钱啊,http://i7.pdim.gs/0257040380bd7d294a8017532c07e39b.jpg,0.2,3
6666_1482836465,1482855424,4116039,2781533,538509450,34174686,穷的就剩钱啊,http://i7.pdim.gs/0257040380bd7d294a8017532c07e39b.jpg,0.2,4
6666_1482836465,1482855424,4116039,2781533,538509450,34174686,穷的就剩钱啊,http://i7.pdim.gs/0257040380bd7d294a8017532c07e39b.jpg,0.2,5
6666_1482836465,1482855424,4116039,2781533,538509450,34174686,穷的就剩钱啊,http://i7.pdim.gs/0257040380bd7d294a8017532c07e39b.jpg,0.2,6
6666_1482836465,1482855432,4116039,2781547,538511070,4707414,当凹遇到凸,http://i5.pdim.gs/c46999555d70ca2d91df8a4d0bb4fc0d.jpeg,0.2,1
6666_1482836465,1482855434,4116039,2781547,538511070,4707414,当凹遇到凸,http://i5.pdim.gs/c46999555d70ca2d91df8a4d0bb4fc0d.jpeg,0.2,2
6666_1482836465,1482855472,4074877,2781564,538511970,3069630,你的微笑有点美,http://i2.pdim.gs/t014a30e4ddb3989e8e.png,0.2,1
6666_1482836465,1482855473,4074877,2781564,538511970,3069630,你的微笑有点美,http://i2.pdim.gs/t014a30e4ddb3989e8e.png,0.2,2
6666_1482836465,1482855474,4074877,2781564,538511970,3069630,你的微笑有点美,http://i2.pdim.gs/t014a30e4ddb3989e8e.png,0.2,3
6666_1482836465,1482855474,4074877,2781564,538511970,3069630,你的微笑有点美,http://i2.pdim.gs/t014a30e4ddb3989e8e.png,0.2,4
6666_1482836465,1482855475,4074877,2781564,538511970,3069630,你的微笑有点美,http://i2.pdim.gs/t014a30e4ddb3989e8e.png,0.2,5
6666_1482836465,1482855475,4074877,2781564,538511970,3069630,你的微笑有点美,http://i2.pdim.gs/t014a30e4ddb3989e8e.png,0.2,6
6666_1482836465,1482855475,4074877,2781564,538511970,3069630,你的微笑有点美,http://i2.pdim.gs/t014a30e4ddb3989e8e.png,0.2,7
6666_1482836465,1482855475,4074877,2781564,538511970,3069630,你的微笑有点美,http://i2.pdim.gs/t014a30e4ddb3989e8e.png,0.2,8
6666_1482836465,1482855475,4074877,2781564,538511970,3069630,你的微笑有点美,http://i2.pdim.gs/t014a30e4ddb3989e8e.png,0.2,9
6666_1482836465,1482855480,4074877,2781564,538511970,3069630,你的微笑有点美,http://i2.pdim.gs/t014a30e4ddb3989e8e.png,0.2,10
6666_1482836465,1482855484,4074877,2781564,538511970,3069630,你的微笑有点美,http://i2.pdim.gs/t014a30e4ddb3989e8e.png,0.2,11
6666_1482836465,1482855485,4074877,2781564,538511970,3069630,你的微笑有点美,http://i2.pdim.gs/t014a30e4ddb3989e8e.png,0.2,14
6666_1482836465,1482855485,4074877,2781564,538511970,3069630,你的微笑有点美,http://i2.pdim.gs/t014a30e4ddb3989e8e.png,0.2,12
6666_1482836465,1482855485,4074877,2781564,538511970,3069630,你的微笑有点美,http://i2.pdim.gs/t014a30e4ddb3989e8e.png,0.2,15
6666_1482836465,1482855485,4074877,2781564,538511970,3069630,你的微笑有点美,http://i2.pdim.gs/t014a30e4ddb3989e8e.png,0.2,13
6666_1482836465,1482855486,4074877,2781564,538511970,53902990,岚小蓝c,http://i8.pdim.gs/b94d6cbb5009f5b0e9af82a6ff8ee0ff.jpg,0.2,10
6666_1482836465,1482855487,4074877,2781564,538511970,3069630,你的微笑有点美,http://i2.pdim.gs/t014a30e4ddb3989e8e.png,0.2,17
6666_1482836465,1482855487,4074877,2781564,538511970,3069630,你的微笑有点美,http://i2.pdim.gs/t014a30e4ddb3989e8e.png,0.2,16
6666_1482836465,1482855488,4074877,2781564,538511970,3069630,你的微笑有点美,http://i2.pdim.gs/t014a30e4ddb3989e8e.png,0.2,23
6666_1482836465,1482855489,4074877,2781564,538511970,3069630,你的微笑有点美,http://i2.pdim.gs/t014a30e4ddb3989e8e.png,0.2,25
6666_1482836465,1482855489,4074877,2781564,538511970,3069630,你的微笑有点美,http://i2.pdim.gs/t014a30e4ddb3989e8e.png,0.2,26
6666_1482836465,1482855489,4074877,2781564,538511970,3069630,你的微笑有点美,http://i2.pdim.gs/t014a30e4ddb3989e8e.png,0.2,24
6666_1482836465,1482855489,4074877,2781564,538511970,3069630,你的微笑有点美,http://i2.pdim.gs/t014a30e4ddb3989e8e.png,0.2,29
6666_1482836465,1482855489,4074877,2781564,538511970,3069630,你的微笑有点美,http://i2.pdim.gs/t014a30e4ddb3989e8e.png,0.2,27
6666_1482836465,1482855490,4074877,2781564,538511970,3069630,你的微笑有点美,http://i2.pdim.gs/t014a30e4ddb3989e8e.png,0.2,30
6666_1482836465,1482855490,4074877,2781564,538511970,3069630,你的微笑有点美,http://i2.pdim.gs/t014a30e4ddb3989e8e.png,0.2,31
6666_1482836465,1482855489,4074877,2781564,538511970,3069630,你的微笑有点美,http://i2.pdim.gs/t014a30e4ddb3989e8e.png,0.2,28
6666_1482836465,1482855552,4034123,2781640,538516310,64199658,一流功夫熊猫,http://i7.pdim.gs/0257040380bd7d294a8017532c07e39b.jpg,0.2,1
6666_1482836465,1482855819,3836396,2781807,538522530,36635120,King_Thresh,http://i6.pdim.gs/732fc3ed24461fc97d429c0d4b57cb9d.jpeg,0.2,1
6666_1482836465,1482855819,3836396,2781807,538522530,36635120,King_Thresh,http://i6.pdim.gs/732fc3ed24461fc97d429c0d4b57cb9d.jpeg,0.2,2
6666_1482836465,1482855883,3798029,2781844,538525570,57194144,PDD的掌教护法,http://i7.pdim.gs/75ad692bb1ecefcd4a891e5ed5391011.jpeg,0.2,1
6666_1482836465,1482855970,3722442,2781889,538527170,64199658,一流功夫熊猫,http://i7.pdim.gs/0257040380bd7d294a8017532c07e39b.jpg,0.2,1
6666_1482836465,1482855983,3722442,2781889,538527170,63135736,Acutelier,http://i6.pdim.gs/d372711dd9ee409ca2ccc55d5c7edf81.jpg,0.2,1
6666_1482836465,1482855983,3722442,2781889,538527170,63135736,Acutelier,http://i6.pdim.gs/d372711dd9ee409ca2ccc55d5c7edf81.jpg,0.2,2
6666_1482836465,1482855984,3722442,2781889,538527170,63135736,Acutelier,http://i6.pdim.gs/d372711dd9ee409ca2ccc55d5c7edf81.jpg,0.2,5
6666_1482836465,1482855984,3722442,2781889,538527170,63135736,Acutelier,http://i6.pdim.gs/d372711dd9ee409ca2ccc55d5c7edf81.jpg,0.2,6
6666_1482836465,1482855984,3722442,2781889,538527170,63135736,Acutelier,http://i6.pdim.gs/d372711dd9ee409ca2ccc55d5c7edf81.jpg,0.2,7
6666_1482836465,1482855985,3722442,2781889,538527170,63135736,Acutelier,http://i6.pdim.gs/d372711dd9ee409ca2ccc55d5c7edf81.jpg,0.2,8
6666_1482836465,1482855985,3722442,2781889,538527170,63135736,Acutelier,http://i6.pdim.gs/d372711dd9ee409ca2ccc55d5c7edf81.jpg,0.2,9
6666_1482836465,1482855985,3722442,2781889,538527170,63135736,Acutelier,http://i6.pdim.gs/d372711dd9ee409ca2ccc55d5c7edf81.jpg,0.2,10
6666_1482836465,1482855986,3722442,2781889,538527170,63135736,Acutelier,http://i6.pdim.gs/d372711dd9ee409ca2ccc55d5c7edf81.jpg,0.2,12
6666_1482836465,1482855985,3722442,2781889,538527170,63135736,Acutelier,http://i6.pdim.gs/d372711dd9ee409ca2ccc55d5c7edf81.jpg,0.2,11
6666_1482836465,1482855989,3722442,2781889,538527170,35235116,弃战旗找我瞟,http://i7.pdim.gs/0257040380bd7d294a8017532c07e39b.jpg,0.0,
6666_1482836465,1482855990,3722442,2781889,538527170,35235116,弃战旗找我瞟,http://i7.pdim.gs/0257040380bd7d294a8017532c07e39b.jpg,0.0,
6666_1482836465,1482855994,3685217,2781907,538527870,64199658,一流功夫熊猫,http://i7.pdim.gs/0257040380bd7d294a8017532c07e39b.jpg,0.2,1
6666_1482836465,1482856001,3685217,2781907,538527870,6696700,STRIVEBB,http://i6.pdim.gs/014b2a5cdcc4f4dbbc235954fca822d1.jpg,0.0,
6666_1482836465,1482856011,3685217,2781907,538527870,6696700,STRIVEBB,http://i6.pdim.gs/014b2a5cdcc4f4dbbc235954fca822d1.jpg,0.0,
6666_1482836465,1482856012,3685217,2781907,538527870,26158674,BBAP,http://i1.pdim.gs/t01f2af816f6b25fa7c.jpg,0.0,
6666_1482836465,1482856014,3685217,2781907,538527870,26158674,BBAP,http://i1.pdim.gs/t01f2af816f6b25fa7c.jpg,0.0,
6666_1482836465,1482856064,3648360,2781939,538528970,55936282,PDD究极大护法,http://i7.pdim.gs/48b9386f7faca1a1e4174d68e98e471b.jpeg,0.2,99
6666_1482836465,1482856065,3648360,2781939,538528970,55936282,PDD究极大护法,http://i7.pdim.gs/48b9386f7faca1a1e4174d68e98e471b.jpeg,0.2,198
6666_1482836465,1482856066,3648360,2781939,538528970,55936282,PDD究极大护法,http://i7.pdim.gs/48b9386f7faca1a1e4174d68e98e471b.jpeg,0.2,297
6666_1482836465,1482856066,3648360,2781939,538528970,55936282,PDD究极大护法,http://i7.pdim.gs/48b9386f7faca1a1e4174d68e98e471b.jpeg,0.2,396
6666_1482836465,1482856067,3648360,2781939,538528970,55936282,PDD究极大护法,http://i7.pdim.gs/48b9386f7faca1a1e4174d68e98e471b.jpeg,0.2,495
6666_1482836465,1482856067,3648360,2781939,538528970,55936282,PDD究极大护法,http://i7.pdim.gs/48b9386f7faca1a1e4174d68e98e471b.jpeg,0.2,594
6666_1482836465,1482856068,3648360,2781939,538528970,55936282,PDD究极大护法,http://i7.pdim.gs/48b9386f7faca1a1e4174d68e98e471b.jpeg,0.2,693
6666_1482836465,1482856068,3648360,2781939,538528970,55936282,PDD究极大护法,http://i7.pdim.gs/48b9386f7faca1a1e4174d68e98e471b.jpeg,0.2,792
6666_1482836465,1482856068,3648360,2781939,538528970,55936282,PDD究极大护法,http://i7.pdim.gs/48b9386f7faca1a1e4174d68e98e471b.jpeg,0.2,891
6666_1482836465,1482856069,3648360,2781939,538528970,55936282,PDD究极大护法,http://i7.pdim.gs/48b9386f7faca1a1e4174d68e98e471b.jpeg,0.2,990
6666_1482836465,1482856069,3648360,2781939,538528970,55936282,PDD究极大护法,http://i7.pdim.gs/48b9386f7faca1a1e4174d68e98e471b.jpeg,0.2,1089
6666_1482836465,1482856069,3648360,2781939,538528970,55936282,PDD究极大护法,http://i7.pdim.gs/48b9386f7faca1a1e4174d68e98e471b.jpeg,0.2,1188
6666_1482836465,1482856070,3648360,2781939,538528970,55936282,PDD究极大护法,http://i7.pdim.gs/48b9386f7faca1a1e4174d68e98e471b.jpeg,0.2,1287
6666_1482836465,1482856070,3648360,2781939,538528970,55936282,PDD究极大护法,http://i7.pdim.gs/48b9386f7faca1a1e4174d68e98e471b.jpeg,0.2,1386
6666_1482836465,1482856071,3648360,2781939,538528970,55936282,PDD究极大护法,http://i7.pdim.gs/48b9386f7faca1a1e4174d68e98e471b.jpeg,0.2,1485
6666_1482836465,1482856075,3648360,2781939,538528970,55936282,PDD究极大护法,http://i7.pdim.gs/48b9386f7faca1a1e4174d68e98e471b.jpeg,0.2,1486
6666_1482836465,1482856076,3648360,2781939,538528970,55936282,PDD究极大护法,http://i7.pdim.gs/48b9386f7faca1a1e4174d68e98e471b.jpeg,0.2,1489
6666_1482836465,1482856076,3648360,2781939,538528970,55936282,PDD究极大护法,http://i7.pdim.gs/48b9386f7faca1a1e4174d68e98e471b.jpeg,0.2,1491
6666_1482836465,1482856077,3648360,2781939,538528970,55936282,PDD究极大护法,http://i7.pdim.gs/48b9386f7faca1a1e4174d68e98e471b.jpeg,0.2,1495
6666_1482836465,1482856077,3648360,2781939,538528970,55936282,PDD究极大护法,http://i7.pdim.gs/48b9386f7faca1a1e4174d68e98e471b.jpeg,0.2,1496
6666_1482836465,1482856078,3648360,2781939,538528970,55936282,PDD究极大护法,http://i7.pdim.gs/48b9386f7faca1a1e4174d68e98e471b.jpeg,0.2,1498
6666_1482836465,1482856172,3575756,2781978,538532570,50637940,正版东君,http://i9.pdim.gs/b20e2d4fd5e571f4d744142dcf4d3882.jpeg,0.2,520
6666_1482836465,1482856271,3238740,2782049,538574851,44190892,VersaceYang,http://i8.pdim.gs/a9769503bb2fdd77daa1c1ba2da9ae28.jpg,0.2,1
6666_1482836465,1482856502,3148231,2782139,538584711,38283002,loda1103,http://i7.pdim.gs/a0edc5bfa0afa457552651632b80a53c.jpg,0.2,1
6666_1482836465,1482856504,3148231,2782139,538584711,38283002,loda1103,http://i7.pdim.gs/a0edc5bfa0afa457552651632b80a53c.jpg,0.2,2
6666_1482836465,1482856508,3148231,2782139,538584711,38283002,loda1103,http://i7.pdim.gs/a0edc5bfa0afa457552651632b80a53c.jpg,0.2,3
6666_1482836465,1482856510,3148231,2782139,538584711,38283002,loda1103,http://i7.pdim.gs/a0edc5bfa0afa457552651632b80a53c.jpg,0.2,4
6666_1482836465,1482856530,3146699,2782147,538592711,38805470,岁W月,http://i9.pdim.gs/9149f88dd4e35bbcd742589df300f347.jpg,5.0,1
6666_1482836465,1482856531,3146699,2782147,538592711,38805470,岁W月,http://i9.pdim.gs/9149f88dd4e35bbcd742589df300f347.jpg,5.0,2
6666_1482836465,1482856540,3146699,2782147,538592711,35242624,我们永远在路上,http://i8.pdim.gs/eae9aa35be820bcd0d08b352bb605cdd.jpg,0.2,1040
6666_1482836465,1482856599,3108213,2782172,538607763,35242624,我们永远在路上,http://i8.pdim.gs/eae9aa35be820bcd0d08b352bb605cdd.jpg,0.2,1139
6666_1482836465,1482856615,3108213,2782193,538614029,35242624,我们永远在路上,http://i8.pdim.gs/eae9aa35be820bcd0d08b352bb605cdd.jpg,0.2,1
6666_1482836465,1482856616,3108213,2782193,538614029,35242624,我们永远在路上,http://i8.pdim.gs/eae9aa35be820bcd0d08b352bb605cdd.jpg,0.2,2
6666_1482836465,1482856616,3108213,2782193,538614029,35242624,我们永远在路上,http://i8.pdim.gs/eae9aa35be820bcd0d08b352bb605cdd.jpg,0.2,3
6666_1482836465,1482856616,3108213,2782193,538614029,35242624,我们永远在路上,http://i8.pdim.gs/eae9aa35be820bcd0d08b352bb605cdd.jpg,0.2,4
6666_1482836465,1482856617,3108213,2782193,538614029,35242624,我们永远在路上,http://i8.pdim.gs/eae9aa35be820bcd0d08b352bb605cdd.jpg,0.2,5
6666_1482836465,1482856617,3108213,2782193,538614029,35242624,我们永远在路上,http://i8.pdim.gs/eae9aa35be820bcd0d08b352bb605cdd.jpg,0.2,6
6666_1482836465,1482856617,3108213,2782193,538614029,35242624,我们永远在路上,http://i8.pdim.gs/eae9aa35be820bcd0d08b352bb605cdd.jpg,0.2,9
6666_1482836465,1482856618,3108213,2782193,538614029,35242624,我们永远在路上,http://i8.pdim.gs/eae9aa35be820bcd0d08b352bb605cdd.jpg,0.2,10
6666_1482836465,1482856618,3108213,2782193,538614029,35242624,我们永远在路上,http://i8.pdim.gs/eae9aa35be820bcd0d08b352bb605cdd.jpg,0.2,11
6666_1482836465,1482856619,3108213,2782193,538614029,35242624,我们永远在路上,http://i8.pdim.gs/eae9aa35be820bcd0d08b352bb605cdd.jpg,0.2,13
6666_1482836465,1482856619,3108213,2782193,538614029,35242624,我们永远在路上,http://i8.pdim.gs/eae9aa35be820bcd0d08b352bb605cdd.jpg,0.2,15
6666_1482836465,1482856619,3108213,2782193,538614029,35242624,我们永远在路上,http://i8.pdim.gs/eae9aa35be820bcd0d08b352bb605cdd.jpg,0.2,12
6666_1482836465,1482856620,3108213,2782193,538614029,35242624,我们永远在路上,http://i8.pdim.gs/eae9aa35be820bcd0d08b352bb605cdd.jpg,0.2,16
6666_1482836465,1482856619,3108213,2782193,538614029,35242624,我们永远在路上,http://i8.pdim.gs/eae9aa35be820bcd0d08b352bb605cdd.jpg,0.2,14
6666_1482836465,1482856620,3108213,2782193,538614029,35242624,我们永远在路上,http://i8.pdim.gs/eae9aa35be820bcd0d08b352bb605cdd.jpg,0.2,19
6666_1482836465,1482856620,3108213,2782193,538614029,35242624,我们永远在路上,http://i8.pdim.gs/eae9aa35be820bcd0d08b352bb605cdd.jpg,0.2,17
6666_1482836465,1482856620,3108213,2782193,538614029,35242624,我们永远在路上,http://i8.pdim.gs/eae9aa35be820bcd0d08b352bb605cdd.jpg,0.2,18
6666_1482836465,1482856743,3129348,2782230,538616469,4100454,小鲨鱼么么大,http://i4.pdim.gs/t0134a76392ec530a61.jpg,0.2,1
6666_1482836465,1482857051,3092282,2782310,538621369,61545356,Cologn,http://i7.pdim.gs/0257040380bd7d294a8017532c07e39b.jpg,0.2,1
6666_1482836465,1482857055,3092282,2782310,538621369,61545356,Cologn,http://i7.pdim.gs/0257040380bd7d294a8017532c07e39b.jpg,0.2,2
6666_1482836465,1482857067,3092282,2782320,538623969,61545356,Cologn,http://i7.pdim.gs/0257040380bd7d294a8017532c07e39b.jpg,0.2,3
6666_1482836465,1482857067,3092282,2782320,538623969,61545356,Cologn,http://i7.pdim.gs/0257040380bd7d294a8017532c07e39b.jpg,0.2,5
6666_1482836465,1482857067,3092282,2782320,538623969,48897990,张皮皮的老巫婆,http://i6.pdim.gs/de68e619021ef164fb1d76096b3df355.jpeg,0.2,1
6666_1482836465,1482857067,3092282,2782320,538623969,61545356,Cologn,http://i7.pdim.gs/0257040380bd7d294a8017532c07e39b.jpg,0.2,4
6666_1482836465,1482857067,3092282,2782320,538623969,61545356,Cologn,http://i7.pdim.gs/0257040380bd7d294a8017532c07e39b.jpg,0.2,6
6666_1482836465,1482857068,3092282,2782320,538623969,61545356,Cologn,http://i7.pdim.gs/0257040380bd7d294a8017532c07e39b.jpg,0.2,7
6666_1482836465,1482857068,3092282,2782320,538623969,61545356,Cologn,http://i7.pdim.gs/0257040380bd7d294a8017532c07e39b.jpg,0.2,8
6666_1482836465,1482857068,3092282,2782320,538623969,61545356,Cologn,http://i7.pdim.gs/0257040380bd7d294a8017532c07e39b.jpg,0.2,10
6666_1482836465,1482857068,3092282,2782320,538623969,61545356,Cologn,http://i7.pdim.gs/0257040380bd7d294a8017532c07e39b.jpg,0.2,11
6666_1482836465,1482857069,3092282,2782320,538623969,61545356,Cologn,http://i7.pdim.gs/0257040380bd7d294a8017532c07e39b.jpg,0.2,12
6666_1482836465,1482857069,3092282,2782320,538623969,61545356,Cologn,http://i7.pdim.gs/0257040380bd7d294a8017532c07e39b.jpg,0.2,13
6666_1482836465,1482857069,3092282,2782320,538623969,61545356,Cologn,http://i7.pdim.gs/0257040380bd7d294a8017532c07e39b.jpg,0.2,14
6666_1482836465,1482857069,3092282,2782320,538623969,61545356,Cologn,http://i7.pdim.gs/0257040380bd7d294a8017532c07e39b.jpg,0.2,15
6666_1482836465,1482857070,3092282,2782320,538623969,61545356,Cologn,http://i7.pdim.gs/0257040380bd7d294a8017532c07e39b.jpg,0.2,16
6666_1482836465,1482857070,3092282,2782320,538623969,61545356,Cologn,http://i7.pdim.gs/0257040380bd7d294a8017532c07e39b.jpg,0.2,17
6666_1482836465,1482857070,3092282,2782320,538623969,61545356,Cologn,http://i7.pdim.gs/0257040380bd7d294a8017532c07e39b.jpg,0.2,18
6666_1482836465,1482857070,3092282,2782320,538623969,61545356,Cologn,http://i7.pdim.gs/0257040380bd7d294a8017532c07e39b.jpg,0.2,20
6666_1482836465,1482857070,3092282,2782320,538623969,61545356,Cologn,http://i7.pdim.gs/0257040380bd7d294a8017532c07e39b.jpg,0.2,21
6666_1482836465,1482857071,3092282,2782320,538623969,61545356,Cologn,http://i7.pdim.gs/0257040380bd7d294a8017532c07e39b.jpg,0.2,22
6666_1482836465,1482857071,3092282,2782320,538623969,61545356,Cologn,http://i7.pdim.gs/0257040380bd7d294a8017532c07e39b.jpg,0.2,23
6666_1482836465,1482857070,3092282,2782320,538623969,61545356,Cologn,http://i7.pdim.gs/0257040380bd7d294a8017532c07e39b.jpg,0.2,19
6666_1482836465,1482857071,3092282,2782320,538623969,61545356,Cologn,http://i7.pdim.gs/0257040380bd7d294a8017532c07e39b.jpg,0.2,24
6666_1482836465,1482857071,3092282,2782320,538623969,61545356,Cologn,http://i7.pdim.gs/0257040380bd7d294a8017532c07e39b.jpg,0.2,25
6666_1482836465,1482857071,3092282,2782320,538623969,61545356,Cologn,http://i7.pdim.gs/0257040380bd7d294a8017532c07e39b.jpg,0.2,26
6666_1482836465,1482857071,3092282,2782320,538623969,61545356,Cologn,http://i7.pdim.gs/0257040380bd7d294a8017532c07e39b.jpg,0.2,27
6666_1482836465,1482857072,3092282,2782320,538623969,61545356,Cologn,http://i7.pdim.gs/0257040380bd7d294a8017532c07e39b.jpg,0.2,28
6666_1482836465,1482857072,3092282,2782320,538623969,61545356,Cologn,http://i7.pdim.gs/0257040380bd7d294a8017532c07e39b.jpg,0.2,31
6666_1482836465,1482857073,3092282,2782320,538623969,61545356,Cologn,http://i7.pdim.gs/0257040380bd7d294a8017532c07e39b.jpg,0.2,33
6666_1482836465,1482857072,3092282,2782320,538623969,61545356,Cologn,http://i7.pdim.gs/0257040380bd7d294a8017532c07e39b.jpg,0.2,32
6666_1482836465,1482857073,3092282,2782320,538623969,61545356,Cologn,http://i7.pdim.gs/0257040380bd7d294a8017532c07e39b.jpg,0.2,34
6666_1482836465,1482857073,3092282,2782320,538623969,61545356,Cologn,http://i7.pdim.gs/0257040380bd7d294a8017532c07e39b.jpg,0.2,35
6666_1482836465,1482857073,3092282,2782320,538623969,61545356,Cologn,http://i7.pdim.gs/0257040380bd7d294a8017532c07e39b.jpg,0.2,36
6666_1482836465,1482857074,3092282,2782320,538623969,61545356,Cologn,http://i7.pdim.gs/0257040380bd7d294a8017532c07e39b.jpg,0.2,39
6666_1482836465,1482857074,3092282,2782320,538623969,61545356,Cologn,http://i7.pdim.gs/0257040380bd7d294a8017532c07e39b.jpg,0.2,40
6666_1482836465,1482857074,3092282,2782320,538623969,61545356,Cologn,http://i7.pdim.gs/0257040380bd7d294a8017532c07e39b.jpg,0.2,41
6666_1482836465,1482857075,3092282,2782320,538623969,61545356,Cologn,http://i7.pdim.gs/0257040380bd7d294a8017532c07e39b.jpg,0.2,43
6666_1482836465,1482857075,3092282,2782320,538623969,61545356,Cologn,http://i7.pdim.gs/0257040380bd7d294a8017532c07e39b.jpg,0.2,44
6666_1482836465,1482857075,3092282,2782320,538623969,61545356,Cologn,http://i7.pdim.gs/0257040380bd7d294a8017532c07e39b.jpg,0.2,47
6666_1482836465,1482857075,3092282,2782320,538623969,61545356,Cologn,http://i7.pdim.gs/0257040380bd7d294a8017532c07e39b.jpg,0.2,48
6666_1482836465,1482857075,3092282,2782320,538623969,61545356,Cologn,http://i7.pdim.gs/0257040380bd7d294a8017532c07e39b.jpg,0.2,46
6666_1482836465,1482857076,3092282,2782320,538623969,61545356,Cologn,http://i7.pdim.gs/0257040380bd7d294a8017532c07e39b.jpg,0.2,50
6666_1482836465,1482857076,3092282,2782320,538623969,61545356,Cologn,http://i7.pdim.gs/0257040380bd7d294a8017532c07e39b.jpg,0.2,49
6666_1482836465,1482857082,3092282,2782320,538623969,35862738,goulovezhu,http://i6.pdim.gs/4d63e1acd72350b564b42fbefa9c4fb8.jpeg,0.2,1
6666_1482836465,1482857085,3092282,2782320,538623969,35862738,goulovezhu,http://i6.pdim.gs/4d63e1acd72350b564b42fbefa9c4fb8.jpeg,0.2,2
6666_1482836465,1482857085,3092282,2782320,538623969,35862738,goulovezhu,http://i6.pdim.gs/4d63e1acd72350b564b42fbefa9c4fb8.jpeg,0.2,3
6666_1482836465,1482857086,3092282,2782320,538623969,35862738,goulovezhu,http://i6.pdim.gs/4d63e1acd72350b564b42fbefa9c4fb8.jpeg,0.2,4
6666_1482836465,1482857089,3092282,2782320,538623969,35862738,goulovezhu,http://i6.pdim.gs/4d63e1acd72350b564b42fbefa9c4fb8.jpeg,0.2,5
6666_1482836465,1482857101,3143688,2782334,538624969,29786692,上官易哲,http://i7.pdim.gs/0257040380bd7d294a8017532c07e39b.jpg,0.2,1
6666_1482836465,1482857107,3143688,2782334,538624969,50637940,正版东君,http://i9.pdim.gs/b20e2d4fd5e571f4d744142dcf4d3882.jpeg,0.2,4999
6666_1482836465,1482857164,3135456,2782373,538626269,21799844,nnnnnnnnnna,http://i1.pdim.gs/t01fba3258fd57cdb9e.jpg,0.2,1
6666_1482836465,1482857230,3106682,2782391,538626869,47049742,喝奶茶的小猪,http://i7.pdim.gs/f3c3941f32f8fdbbb6ba8a69ff19636d.jpeg,0.2,1
6666_1482836465,1482857271,3106682,2782395,538626969,64013358,居然有个大神给你,http://i7.pdim.gs/9f0ad451fbc0183b7acee5efbab55110.jpg,0.0,
6666_1482836465,1482857273,3106682,2782395,538626969,64013358,居然有个大神给你,http://i7.pdim.gs/9f0ad451fbc0183b7acee5efbab55110.jpg,0.0,
6666_1482836465,1482857276,3106682,2782395,538626969,61048710,回首情逝,http://i7.pdim.gs/0257040380bd7d294a8017532c07e39b.jpg,0.0,
6666_1482836465,1482857285,3154334,2782407,538627169,26538244,AtomAnQi,http://i8.pdim.gs/2f4d1ef462ffa39a22b4c8aefcf35056.jpeg,0.2,1
6666_1482836465,1482857285,3154334,2782407,538627169,26538244,AtomAnQi,http://i8.pdim.gs/2f4d1ef462ffa39a22b4c8aefcf35056.jpeg,0.2,2
6666_1482836465,1482857286,3154334,2782407,538627169,26538244,AtomAnQi,http://i8.pdim.gs/2f4d1ef462ffa39a22b4c8aefcf35056.jpeg,0.2,4
6666_1482836465,1482857286,3154334,2782407,538627169,26538244,AtomAnQi,http://i8.pdim.gs/2f4d1ef462ffa39a22b4c8aefcf35056.jpeg,0.2,3
6666_1482836465,1482857286,3154334,2782407,538627169,26538244,AtomAnQi,http://i8.pdim.gs/2f4d1ef462ffa39a22b4c8aefcf35056.jpeg,0.2,5
6666_1482836465,1482857286,3154334,2782407,538627169,26538244,AtomAnQi,http://i8.pdim.gs/2f4d1ef462ffa39a22b4c8aefcf35056.jpeg,0.2,6
6666_1482836465,1482857286,3154334,2782407,538627169,26538244,AtomAnQi,http://i8.pdim.gs/2f4d1ef462ffa39a22b4c8aefcf35056.jpeg,0.2,7
6666_1482836465,1482857287,3154334,2782407,538627169,26538244,AtomAnQi,http://i8.pdim.gs/2f4d1ef462ffa39a22b4c8aefcf35056.jpeg,0.2,8
6666_1482836465,1482857287,3154334,2782407,538627169,26538244,AtomAnQi,http://i8.pdim.gs/2f4d1ef462ffa39a22b4c8aefcf35056.jpeg,0.2,9
6666_1482836465,1482857287,3154334,2782407,538627169,26538244,AtomAnQi,http://i8.pdim.gs/2f4d1ef462ffa39a22b4c8aefcf35056.jpeg,0.2,10
6666_1482836465,1482857287,3154334,2782407,538627169,26538244,AtomAnQi,http://i8.pdim.gs/2f4d1ef462ffa39a22b4c8aefcf35056.jpeg,0.2,11
6666_1482836465,1482857287,3154334,2782407,538627169,26538244,AtomAnQi,http://i8.pdim.gs/2f4d1ef462ffa39a22b4c8aefcf35056.jpeg,0.2,12
6666_1482836465,1482857288,3154334,2782407,538627169,26538244,AtomAnQi,http://i8.pdim.gs/2f4d1ef462ffa39a22b4c8aefcf35056.jpeg,0.2,13
6666_1482836465,1482857288,3154334,2782407,538627169,26538244,AtomAnQi,http://i8.pdim.gs/2f4d1ef462ffa39a22b4c8aefcf35056.jpeg,0.2,16
6666_1482836465,1482857289,3154334,2782407,538627169,26538244,AtomAnQi,http://i8.pdim.gs/2f4d1ef462ffa39a22b4c8aefcf35056.jpeg,0.2,17
6666_1482836465,1482857289,3154334,2782407,538627169,26538244,AtomAnQi,http://i8.pdim.gs/2f4d1ef462ffa39a22b4c8aefcf35056.jpeg,0.2,18
6666_1482836465,1482857290,3154334,2782407,538627169,26538244,AtomAnQi,http://i8.pdim.gs/2f4d1ef462ffa39a22b4c8aefcf35056.jpeg,0.2,19
6666_1482836465,1482857291,3154334,2782407,538627169,26538244,AtomAnQi,http://i8.pdim.gs/2f4d1ef462ffa39a22b4c8aefcf35056.jpeg,0.2,20
6666_1482836465,1482857291,3154334,2782407,538627169,26538244,AtomAnQi,http://i8.pdim.gs/2f4d1ef462ffa39a22b4c8aefcf35056.jpeg,0.2,21
6666_1482836465,1482857292,3154334,2782407,538627169,26538244,AtomAnQi,http://i8.pdim.gs/2f4d1ef462ffa39a22b4c8aefcf35056.jpeg,0.2,22
6666_1482836465,1482857292,3154334,2782407,538627169,26538244,AtomAnQi,http://i8.pdim.gs/2f4d1ef462ffa39a22b4c8aefcf35056.jpeg,0.2,23
6666_1482836465,1482857293,3154334,2782407,538627169,26538244,AtomAnQi,http://i8.pdim.gs/2f4d1ef462ffa39a22b4c8aefcf35056.jpeg,0.2,24
6666_1482836465,1482857293,3154334,2782407,538627169,26538244,AtomAnQi,http://i8.pdim.gs/2f4d1ef462ffa39a22b4c8aefcf35056.jpeg,0.2,25
6666_1482836465,1482857294,3154334,2782407,538627169,26538244,AtomAnQi,http://i8.pdim.gs/2f4d1ef462ffa39a22b4c8aefcf35056.jpeg,0.2,26
6666_1482836465,1482857294,3154334,2782407,538627169,26538244,AtomAnQi,http://i8.pdim.gs/2f4d1ef462ffa39a22b4c8aefcf35056.jpeg,0.2,27
6666_1482836465,1482857294,3154334,2782407,538627169,29411096,你是不是傻呢丶,http://i5.pdim.gs/4248d58479307afbceb14721d9627b50.jpg,0.0,
6666_1482836465,1482857295,3154334,2782407,538627169,26538244,AtomAnQi,http://i8.pdim.gs/2f4d1ef462ffa39a22b4c8aefcf35056.jpeg,0.2,28
6666_1482836465,1482857296,3154334,2782407,538627169,29411096,你是不是傻呢丶,http://i5.pdim.gs/4248d58479307afbceb14721d9627b50.jpg,0.0,
6666_1482836465,1482857302,3154334,2782407,538627169,29411096,你是不是傻呢丶,http://i5.pdim.gs/4248d58479307afbceb14721d9627b50.jpg,0.0,
6666_1482836465,1482857304,3154334,2782407,538627169,29411096,你是不是傻呢丶,http://i5.pdim.gs/4248d58479307afbceb14721d9627b50.jpg,0.0,
6666_1482836465,1482857311,3157128,2782429,538630069,41774902,三千一世,http://i7.pdim.gs/0257040380bd7d294a8017532c07e39b.jpg,0.0,
6666_1482836465,1482857315,3157128,2782429,538630069,30608648,涯洛,http://i8.pdim.gs/f997da6f66f053f2f86acc8b7d9d32ae.jpg,0.2,1
6666_1482836465,1482857315,3157128,2782429,538630069,30608648,涯洛,http://i8.pdim.gs/f997da6f66f053f2f86acc8b7d9d32ae.jpg,0.2,2
6666_1482836465,1482857315,3157128,2782429,538630069,30608648,涯洛,http://i8.pdim.gs/f997da6f66f053f2f86acc8b7d9d32ae.jpg,0.2,3
6666_1482836465,1482857315,3157128,2782429,538630069,30608648,涯洛,http://i8.pdim.gs/f997da6f66f053f2f86acc8b7d9d32ae.jpg,0.2,4
6666_1482836465,1482857316,3157128,2782429,538630069,30608648,涯洛,http://i8.pdim.gs/f997da6f66f053f2f86acc8b7d9d32ae.jpg,0.2,6
6666_1482836465,1482857319,3157128,2782429,538630069,64120298,凡夫俗子你龙哥,http://i7.pdim.gs/0257040380bd7d294a8017532c07e39b.jpg,0.2,1
6666_1482836465,1482857319,3157128,2782429,538630069,64120298,凡夫俗子你龙哥,http://i7.pdim.gs/0257040380bd7d294a8017532c07e39b.jpg,0.2,2
6666_1482836465,1482857320,3157128,2782429,538630069,64120298,凡夫俗子你龙哥,http://i7.pdim.gs/0257040380bd7d294a8017532c07e39b.jpg,0.2,3
6666_1482836465,1482857320,3157128,2782429,538630069,64120298,凡夫俗子你龙哥,http://i7.pdim.gs/0257040380bd7d294a8017532c07e39b.jpg,0.2,4
6666_1482836465,1482857320,3157128,2782429,538630069,64120298,凡夫俗子你龙哥,http://i7.pdim.gs/0257040380bd7d294a8017532c07e39b.jpg,0.2,5
6666_1482836465,1482857505,3103315,2782520,538637509,34140392,半斤倒,http://i9.pdim.gs/1f0327bb02a6604c34a4c0535ed81b57.jpeg,0.0,
6666_1482836465,1482857507,3103315,2782520,538637509,5572428,我就是小鱼儿,http://i6.pdim.gs/67373fbb2902e32b8a95f3796ebe8e89.jpeg,5.0,1
6666_1482836465,1482857518,3103315,2782520,538637509,34140392,半斤倒,http://i9.pdim.gs/1f0327bb02a6604c34a4c0535ed81b57.jpeg,0.0,
6666_1482836465,1482857519,3103315,2782520,538637509,34140392,半斤倒,http://i9.pdim.gs/1f0327bb02a6604c34a4c0535ed81b57.jpeg,0.0,
6666_1482836465,1482857519,3103315,2782520,538637509,34140392,半斤倒,http://i9.pdim.gs/1f0327bb02a6604c34a4c0535ed81b57.jpeg,0.0,
6666_1482836465,1482857520,3103315,2782520,538637509,34140392,半斤倒,http://i9.pdim.gs/1f0327bb02a6604c34a4c0535ed81b57.jpeg,0.0,
6666_1482836465,1482857644,2844776,2782607,538643129,44520968,雷恩加尔绯闻女友,http://i7.pdim.gs/eba8d359904226ba257d744d05cccaa8.jpeg,0.2,1
6666_1482836465,1482857662,2844776,2782641,538644229,61304716,xmwehwgbmaoct2,http://i7.pdim.gs/0257040380bd7d294a8017532c07e39b.jpg,0.0,
6666_1482836465,1482857707,2816324,2782696,538645629,45079140,男神猪老师,http://i7.pdim.gs/0257040380bd7d294a8017532c07e39b.jpg,0.2,1
6666_1482836465,1482857719,2816324,2782696,538645629,45079140,男神猪老师,http://i7.pdim.gs/0257040380bd7d294a8017532c07e39b.jpg,0.2,2
6666_1482836465,1482857719,2816324,2782696,538645629,45079140,男神猪老师,http://i7.pdim.gs/0257040380bd7d294a8017532c07e39b.jpg,0.2,3
6666_1482836465,1482857719,2816324,2782696,538645629,45079140,男神猪老师,http://i7.pdim.gs/0257040380bd7d294a8017532c07e39b.jpg,0.2,4
37229_1482890549,1482896002,52624,143606,110154940,61078678,Med丶Rink,http://i9.pdim.gs/789463d55f18e55766366f26e4119fc7.jpeg,0.2,1
37229_1482890549,1482896004,52624,143606,110154940,61078678,Med丶Rink,http://i9.pdim.gs/789463d55f18e55766366f26e4119fc7.jpeg,0.2,2
37229_1482890549,1482896225,50035,143610,110159513,34014150,熊猫TV丶小萌龙,http://i9.pdim.gs/3ae50168d50f1a6877baec01646d8305.jpeg,0.2,1
37229_1482890549,1482896524,48052,143617,110163573,43178820,大呆03,http://i7.pdim.gs/0257040380bd7d294a8017532c07e39b.jpg,0.2,1
37229_1482890549,1482896525,48052,143617,110163573,43178820,大呆03,http://i7.pdim.gs/0257040380bd7d294a8017532c07e39b.jpg,0.2,3
37229_1482890549,1482896526,48052,143617,110163573,43178820,大呆03,http://i7.pdim.gs/0257040380bd7d294a8017532c07e39b.jpg,0.2,5
37229_1482890549,1482896527,48052,143617,110163573,43178820,大呆03,http://i7.pdim.gs/0257040380bd7d294a8017532c07e39b.jpg,0.2,6
37229_1482890549,1482896528,48052,143617,110163573,43178820,大呆03,http://i7.pdim.gs/0257040380bd7d294a8017532c07e39b.jpg,0.2,7
37229_1482890549,1482896528,48052,143617,110163573,43178820,大呆03,http://i7.pdim.gs/0257040380bd7d294a8017532c07e39b.jpg,0.2,8
37229_1482890549,1482896673,42720,143622,110165473,6108198,Greeny89,http://i8.pdim.gs/7b1f3fc9970568c5b3a8b1b440332bde.jpg,0.2,1
37229_1482890549,1482896674,42720,143622,110165473,6108198,Greeny89,http://i8.pdim.gs/7b1f3fc9970568c5b3a8b1b440332bde.jpg,0.2,2
37229_1482890549,1482896675,42720,143622,110165473,6108198,Greeny89,http://i8.pdim.gs/7b1f3fc9970568c5b3a8b1b440332bde.jpg,0.2,5
37229_1482890549,1482896676,42720,143622,110165473,6108198,Greeny89,http://i8.pdim.gs/7b1f3fc9970568c5b3a8b1b440332bde.jpg,0.2,6
37229_1482890549,1482896677,42720,143622,110165473,6108198,Greeny89,http://i8.pdim.gs/7b1f3fc9970568c5b3a8b1b440332bde.jpg,0.2,7
37229_1482890549,1482896678,42720,143622,110165473,6108198,Greeny89,http://i8.pdim.gs/7b1f3fc9970568c5b3a8b1b440332bde.jpg,0.2,8
37229_1482890549,1482896678,42720,143622,110165473,6108198,Greeny89,http://i8.pdim.gs/7b1f3fc9970568c5b3a8b1b440332bde.jpg,0.2,9
37229_1482890549,1482896679,42720,143622,110165473,6108198,Greeny89,http://i8.pdim.gs/7b1f3fc9970568c5b3a8b1b440332bde.jpg,0.2,10
37229_1482890549,1482896679,42720,143622,110165473,6108198,Greeny89,http://i8.pdim.gs/7b1f3fc9970568c5b3a8b1b440332bde.jpg,0.2,12
37229_1482890549,1482896679,42720,143622,110165473,6108198,Greeny89,http://i8.pdim.gs/7b1f3fc9970568c5b3a8b1b440332bde.jpg,0.2,11
37229_1482890549,1482896680,42720,143622,110165473,6108198,Greeny89,http://i8.pdim.gs/7b1f3fc9970568c5b3a8b1b440332bde.jpg,0.2,13
37229_1482890549,1482896681,42720,143622,110165473,6108198,Greeny89,http://i8.pdim.gs/7b1f3fc9970568c5b3a8b1b440332bde.jpg,0.2,14
37229_1482890549,1482896682,42720,143622,110165473,6108198,Greeny89,http://i8.pdim.gs/7b1f3fc9970568c5b3a8b1b440332bde.jpg,0.2,15
37229_1482890549,1482896683,42720,143622,110165473,6108198,Greeny89,http://i8.pdim.gs/7b1f3fc9970568c5b3a8b1b440332bde.jpg,0.2,17
37229_1482890549,1482896683,42720,143622,110165473,6108198,Greeny89,http://i8.pdim.gs/7b1f3fc9970568c5b3a8b1b440332bde.jpg,0.2,18
37229_1482890549,1482896682,42720,143622,110165473,6108198,Greeny89,http://i8.pdim.gs/7b1f3fc9970568c5b3a8b1b440332bde.jpg,0.2,16
37229_1482890549,1482896683,43224,143623,110165473,6108198,Greeny89,http://i8.pdim.gs/7b1f3fc9970568c5b3a8b1b440332bde.jpg,0.2,19
37229_1482890549,1482896684,43224,143623,110165473,6108198,Greeny89,http://i8.pdim.gs/7b1f3fc9970568c5b3a8b1b440332bde.jpg,0.2,20
37229_1482890549,1482896684,43224,143623,110165473,6108198,Greeny89,http://i8.pdim.gs/7b1f3fc9970568c5b3a8b1b440332bde.jpg,0.2,21
37229_1482890549,1482896685,43224,143623,110165473,6108198,Greeny89,http://i8.pdim.gs/7b1f3fc9970568c5b3a8b1b440332bde.jpg,0.2,22
37229_1482890549,1482896685,43224,143623,110165473,6108198,Greeny89,http://i8.pdim.gs/7b1f3fc9970568c5b3a8b1b440332bde.jpg,0.2,23
37229_1482890549,1482896686,43224,143623,110165473,6108198,Greeny89,http://i8.pdim.gs/7b1f3fc9970568c5b3a8b1b440332bde.jpg,0.2,24
37229_1482890549,1482896686,43224,143623,110165473,6108198,Greeny89,http://i8.pdim.gs/7b1f3fc9970568c5b3a8b1b440332bde.jpg,0.2,25
37229_1482890549,1482896687,43224,143623,110165473,6108198,Greeny89,http://i8.pdim.gs/7b1f3fc9970568c5b3a8b1b440332bde.jpg,0.2,26
37229_1482890549,1482896687,43224,143623,110165473,6108198,Greeny89,http://i8.pdim.gs/7b1f3fc9970568c5b3a8b1b440332bde.jpg,0.2,28
37229_1482890549,1482896687,43224,143623,110165473,6108198,Greeny89,http://i8.pdim.gs/7b1f3fc9970568c5b3a8b1b440332bde.jpg,0.2,27
37229_1482890549,1482896687,43224,143623,110165473,6108198,Greeny89,http://i8.pdim.gs/7b1f3fc9970568c5b3a8b1b440332bde.jpg,0.2,29
37229_1482890549,1482896688,43224,143623,110165473,6108198,Greeny89,http://i8.pdim.gs/7b1f3fc9970568c5b3a8b1b440332bde.jpg,0.2,31
37229_1482890549,1482896688,43224,143623,110165473,6108198,Greeny89,http://i8.pdim.gs/7b1f3fc9970568c5b3a8b1b440332bde.jpg,0.2,30
37229_1482890549,1482896689,43224,143623,110165473,6108198,Greeny89,http://i8.pdim.gs/7b1f3fc9970568c5b3a8b1b440332bde.jpg,0.2,33
37229_1482890549,1482896688,43224,143623,110165473,6108198,Greeny89,http://i8.pdim.gs/7b1f3fc9970568c5b3a8b1b440332bde.jpg,0.2,32
37229_1482890549,1482896689,43224,143623,110165473,6108198,Greeny89,http://i8.pdim.gs/7b1f3fc9970568c5b3a8b1b440332bde.jpg,0.2,34
37229_1482890549,1482896689,43224,143623,110165473,6108198,Greeny89,http://i8.pdim.gs/7b1f3fc9970568c5b3a8b1b440332bde.jpg,0.2,35
37229_1482890549,1482896690,43224,143623,110165473,6108198,Greeny89,http://i8.pdim.gs/7b1f3fc9970568c5b3a8b1b440332bde.jpg,0.2,36
37229_1482890549,1482896690,43224,143623,110165473,6108198,Greeny89,http://i8.pdim.gs/7b1f3fc9970568c5b3a8b1b440332bde.jpg,0.2,37
37229_1482890549,1482896690,43224,143623,110165473,6108198,Greeny89,http://i8.pdim.gs/7b1f3fc9970568c5b3a8b1b440332bde.jpg,0.2,38
37229_1482890549,1482896691,43224,143623,110165473,6108198,Greeny89,http://i8.pdim.gs/7b1f3fc9970568c5b3a8b1b440332bde.jpg,0.2,39
37229_1482890549,1482896691,43224,143623,110165473,6108198,Greeny89,http://i8.pdim.gs/7b1f3fc9970568c5b3a8b1b440332bde.jpg,0.2,40
37229_1482890549,1482896691,43224,143623,110165473,6108198,Greeny89,http://i8.pdim.gs/7b1f3fc9970568c5b3a8b1b440332bde.jpg,0.2,41
37229_1482890549,1482896692,43224,143623,110165473,6108198,Greeny89,http://i8.pdim.gs/7b1f3fc9970568c5b3a8b1b440332bde.jpg,0.2,42
37229_1482890549,1482896692,43224,143623,110165473,6108198,Greeny89,http://i8.pdim.gs/7b1f3fc9970568c5b3a8b1b440332bde.jpg,0.2,43
37229_1482890549,1482896694,43224,143623,110165473,6108198,Greeny89,http://i8.pdim.gs/7b1f3fc9970568c5b3a8b1b440332bde.jpg,0.2,47
37229_1482890549,1482896693,43224,143623,110165473,6108198,Greeny89,http://i8.pdim.gs/7b1f3fc9970568c5b3a8b1b440332bde.jpg,0.2,46
37229_1482890549,1482896694,43224,143623,110165473,6108198,Greeny89,http://i8.pdim.gs/7b1f3fc9970568c5b3a8b1b440332bde.jpg,0.2,48
37229_1482890549,1482896787,43571,143623,110169293,36692900,大猫小文,http://i9.pdim.gs/7e7f09d1ed2bbaeacafc190c77db12af.jpeg,0.2,1
37229_1482890549,1482896790,43571,143623,110169293,36692900,大猫小文,http://i9.pdim.gs/7e7f09d1ed2bbaeacafc190c77db12af.jpeg,0.2,2
37229_1482890549,1482896791,43571,143623,110169293,36692900,大猫小文,http://i9.pdim.gs/7e7f09d1ed2bbaeacafc190c77db12af.jpeg,0.2,3
37229_1482890549,1482896793,43571,143623,110169293,36692900,大猫小文,http://i9.pdim.gs/7e7f09d1ed2bbaeacafc190c77db12af.jpeg,0.2,4
37229_1482890549,1482896793,43571,143623,110169293,36692900,大猫小文,http://i9.pdim.gs/7e7f09d1ed2bbaeacafc190c77db12af.jpeg,0.2,5
37229_1482890549,1482896795,43571,143623,110169293,36692900,大猫小文,http://i9.pdim.gs/7e7f09d1ed2bbaeacafc190c77db12af.jpeg,0.2,6
37229_1482890549,1482896796,43571,143623,110169293,36692900,大猫小文,http://i9.pdim.gs/7e7f09d1ed2bbaeacafc190c77db12af.jpeg,0.2,7
37229_1482890549,1482896797,43571,143623,110169293,36692900,大猫小文,http://i9.pdim.gs/7e7f09d1ed2bbaeacafc190c77db12af.jpeg,0.2,8
37229_1482890549,1482896798,43571,143623,110169293,36692900,大猫小文,http://i9.pdim.gs/7e7f09d1ed2bbaeacafc190c77db12af.jpeg,0.2,9
37229_1482890549,1482896799,43571,143623,110169293,36692900,大猫小文,http://i9.pdim.gs/7e7f09d1ed2bbaeacafc190c77db12af.jpeg,0.2,10
37229_1482890549,1482896799,43571,143623,110169293,36692900,大猫小文,http://i9.pdim.gs/7e7f09d1ed2bbaeacafc190c77db12af.jpeg,0.2,11
37229_1482890549,1482896800,43571,143623,110169293,36692900,大猫小文,http://i9.pdim.gs/7e7f09d1ed2bbaeacafc190c77db12af.jpeg,0.2,12
37229_1482890549,1482896801,43571,143623,110169293,36692900,大猫小文,http://i9.pdim.gs/7e7f09d1ed2bbaeacafc190c77db12af.jpeg,0.2,13
37229_1482890549,1482896975,42892,143623,110172593,27328878,可爱小米粥,http://i5.pdim.gs/9ab4f60e9d15a7a3e53c84c86894bd2e.jpeg,0.0,
37229_1482890549,1482896976,42892,143623,110172593,27328878,可爱小米粥,http://i5.pdim.gs/9ab4f60e9d15a7a3e53c84c86894bd2e.jpeg,0.0,
37229_1482890549,1482896977,42892,143623,110172593,27328878,可爱小米粥,http://i5.pdim.gs/9ab4f60e9d15a7a3e53c84c86894bd2e.jpeg,0.0,
37229_1482890549,1482897561,39455,143648,110197458,54405852,不是吧我勒个去,http://i7.pdim.gs/0257040380bd7d294a8017532c07e39b.jpg,0.2,1
37229_1482890549,1482897663,39060,143653,110198078,36692900,大猫小文,http://i9.pdim.gs/7e7f09d1ed2bbaeacafc190c77db12af.jpeg,0.2,1
37229_1482890549,1482897664,39060,143653,110198078,36692900,大猫小文,http://i9.pdim.gs/7e7f09d1ed2bbaeacafc190c77db12af.jpeg,0.2,2
37229_1482890549,1482897665,39060,143653,110198078,36692900,大猫小文,http://i9.pdim.gs/7e7f09d1ed2bbaeacafc190c77db12af.jpeg,0.2,3
37229_1482890549,1482897666,39060,143653,110198078,36692900,大猫小文,http://i9.pdim.gs/7e7f09d1ed2bbaeacafc190c77db12af.jpeg,0.2,4
37229_1482890549,1482897666,39060,143653,110198078,36692900,大猫小文,http://i9.pdim.gs/7e7f09d1ed2bbaeacafc190c77db12af.jpeg,0.2,5
37229_1482890549,1482897667,39060,143653,110198078,36692900,大猫小文,http://i9.pdim.gs/7e7f09d1ed2bbaeacafc190c77db12af.jpeg,0.2,6
37229_1482890549,1482897725,38667,143653,110198078,54405852,不是吧我勒个去,http://i7.pdim.gs/0257040380bd7d294a8017532c07e39b.jpg,0.2,1
37229_1482890549,1482897757,38277,143653,110198078,54405852,不是吧我勒个去,http://i7.pdim.gs/0257040380bd7d294a8017532c07e39b.jpg,0.2,3
37229_1482890549,1482898346,48217,143664,110222349,54405852,不是吧我勒个去,http://i7.pdim.gs/0257040380bd7d294a8017532c07e39b.jpg,0.2,1
37229_1482890549,1482898853,47580,143669,110235895,34563374,小灰14,http://i6.pdim.gs/07e7090bd5b65eccf87705281d9e05f7.jpg,0.2,1
37229_1482890549,1482898855,47580,143669,110235895,34563374,小灰14,http://i6.pdim.gs/07e7090bd5b65eccf87705281d9e05f7.jpg,0.2,2
37229_1482890549,1482898855,47580,143669,110235895,34563374,小灰14,http://i6.pdim.gs/07e7090bd5b65eccf87705281d9e05f7.jpg,0.2,3
37229_1482890549,1482898856,47580,143669,110235895,34563374,小灰14,http://i6.pdim.gs/07e7090bd5b65eccf87705281d9e05f7.jpg,0.2,4
37229_1482890549,1482898856,47580,143669,110235895,34563374,小灰14,http://i6.pdim.gs/07e7090bd5b65eccf87705281d9e05f7.jpg,0.2,5
37229_1482890549,1482898856,47580,143669,110235895,34563374,小灰14,http://i6.pdim.gs/07e7090bd5b65eccf87705281d9e05f7.jpg,0.2,6
37229_1482890549,1482898857,47580,143669,110235895,34563374,小灰14,http://i6.pdim.gs/07e7090bd5b65eccf87705281d9e05f7.jpg,0.2,7
37229_1482890549,1482898857,47580,143669,110235895,34563374,小灰14,http://i6.pdim.gs/07e7090bd5b65eccf87705281d9e05f7.jpg,0.2,10
37229_1482890549,1482898858,47580,143669,110235895,34563374,小灰14,http://i6.pdim.gs/07e7090bd5b65eccf87705281d9e05f7.jpg,0.2,11
37229_1482890549,1482898858,47580,143669,110235895,34563374,小灰14,http://i6.pdim.gs/07e7090bd5b65eccf87705281d9e05f7.jpg,0.2,14
37229_1482890549,1482898858,47580,143669,110235895,34563374,小灰14,http://i6.pdim.gs/07e7090bd5b65eccf87705281d9e05f7.jpg,0.2,13
37229_1482890549,1482898858,47580,143669,110235895,34563374,小灰14,http://i6.pdim.gs/07e7090bd5b65eccf87705281d9e05f7.jpg,0.2,12
37229_1482890549,1482898859,47580,143669,110235895,34563374,小灰14,http://i6.pdim.gs/07e7090bd5b65eccf87705281d9e05f7.jpg,0.2,15
37229_1482890549,1482898859,47580,143669,110235895,34563374,小灰14,http://i6.pdim.gs/07e7090bd5b65eccf87705281d9e05f7.jpg,0.2,16
37229_1482890549,1482898859,47580,143669,110235895,34563374,小灰14,http://i6.pdim.gs/07e7090bd5b65eccf87705281d9e05f7.jpg,0.2,17
37229_1482890549,1482898860,47580,143669,110235895,34563374,小灰14,http://i6.pdim.gs/07e7090bd5b65eccf87705281d9e05f7.jpg,0.2,19
37229_1482890549,1482898860,47580,143669,110235895,34563374,小灰14,http://i6.pdim.gs/07e7090bd5b65eccf87705281d9e05f7.jpg,0.2,18
37229_1482890549,1482898860,47580,143669,110235895,34563374,小灰14,http://i6.pdim.gs/07e7090bd5b65eccf87705281d9e05f7.jpg,0.2,20
37229_1482890549,1482898860,47580,143669,110235895,34563374,小灰14,http://i6.pdim.gs/07e7090bd5b65eccf87705281d9e05f7.jpg,0.2,21
37229_1482890549,1482898861,47580,143669,110235895,34563374,小灰14,http://i6.pdim.gs/07e7090bd5b65eccf87705281d9e05f7.jpg,0.2,24
37229_1482890549,1482898861,47580,143669,110235895,34563374,小灰14,http://i6.pdim.gs/07e7090bd5b65eccf87705281d9e05f7.jpg,0.2,22
37229_1482890549,1482898861,47580,143669,110235895,34563374,小灰14,http://i6.pdim.gs/07e7090bd5b65eccf87705281d9e05f7.jpg,0.2,23
37229_1482890549,1482898862,47580,143669,110235895,34563374,小灰14,http://i6.pdim.gs/07e7090bd5b65eccf87705281d9e05f7.jpg,0.2,25
37229_1482890549,1482898862,47580,143669,110235895,34563374,小灰14,http://i6.pdim.gs/07e7090bd5b65eccf87705281d9e05f7.jpg,0.2,26
37229_1482890549,1482898862,47580,143669,110235895,34563374,小灰14,http://i6.pdim.gs/07e7090bd5b65eccf87705281d9e05f7.jpg,0.2,27
37229_1482890549,1482898863,47580,143669,110235895,34563374,小灰14,http://i6.pdim.gs/07e7090bd5b65eccf87705281d9e05f7.jpg,0.2,29
37229_1482890549,1482898862,47580,143669,110235895,34563374,小灰14,http://i6.pdim.gs/07e7090bd5b65eccf87705281d9e05f7.jpg,0.2,28
37229_1482890549,1482898863,47580,143669,110235895,34563374,小灰14,http://i6.pdim.gs/07e7090bd5b65eccf87705281d9e05f7.jpg,0.2,30
37229_1482890549,1482898863,47580,143669,110235895,34563374,小灰14,http://i6.pdim.gs/07e7090bd5b65eccf87705281d9e05f7.jpg,0.2,31
37229_1482890549,1482898864,47580,143669,110235895,34563374,小灰14,http://i6.pdim.gs/07e7090bd5b65eccf87705281d9e05f7.jpg,0.2,32
37229_1482890549,1482898864,47587,143669,110236895,34563374,小灰14,http://i6.pdim.gs/07e7090bd5b65eccf87705281d9e05f7.jpg,0.2,34
37229_1482890549,1482898864,47587,143669,110236895,34563374,小灰14,http://i6.pdim.gs/07e7090bd5b65eccf87705281d9e05f7.jpg,0.2,33
37229_1482890549,1482898865,47587,143669,110236895,34563374,小灰14,http://i6.pdim.gs/07e7090bd5b65eccf87705281d9e05f7.jpg,0.2,37
37229_1482890549,1482898865,47587,143669,110236895,34563374,小灰14,http://i6.pdim.gs/07e7090bd5b65eccf87705281d9e05f7.jpg,0.2,36
37229_1482890549,1482898866,47587,143669,110236895,34563374,小灰14,http://i6.pdim.gs/07e7090bd5b65eccf87705281d9e05f7.jpg,0.2,40
37229_1482890549,1482898866,47587,143669,110236895,34563374,小灰14,http://i6.pdim.gs/07e7090bd5b65eccf87705281d9e05f7.jpg,0.2,38
37229_1482890549,1482898866,47587,143669,110236895,34563374,小灰14,http://i6.pdim.gs/07e7090bd5b65eccf87705281d9e05f7.jpg,0.2,39
37229_1482890549,1482898867,47587,143669,110236895,34563374,小灰14,http://i6.pdim.gs/07e7090bd5b65eccf87705281d9e05f7.jpg,0.2,41
37229_1482890549,1482898868,47587,143669,110236895,34563374,小灰14,http://i6.pdim.gs/07e7090bd5b65eccf87705281d9e05f7.jpg,0.2,42
37229_1482890549,1482898868,47587,143669,110236895,34563374,小灰14,http://i6.pdim.gs/07e7090bd5b65eccf87705281d9e05f7.jpg,0.2,43
37229_1482890549,1482898869,47587,143669,110236895,34563374,小灰14,http://i6.pdim.gs/07e7090bd5b65eccf87705281d9e05f7.jpg,0.2,45
37229_1482890549,1482898869,47587,143669,110236895,34563374,小灰14,http://i6.pdim.gs/07e7090bd5b65eccf87705281d9e05f7.jpg,0.2,47
37229_1482890549,1482898869,47587,143669,110236895,34563374,小灰14,http://i6.pdim.gs/07e7090bd5b65eccf87705281d9e05f7.jpg,0.2,46
37229_1482890549,1482898870,47587,143669,110236895,34563374,小灰14,http://i6.pdim.gs/07e7090bd5b65eccf87705281d9e05f7.jpg,0.2,48
37229_1482890549,1482898871,47587,143669,110236895,34563374,小灰14,http://i6.pdim.gs/07e7090bd5b65eccf87705281d9e05f7.jpg,0.2,49
37229_1482890549,1482898872,47587,143669,110236895,34563374,小灰14,http://i6.pdim.gs/07e7090bd5b65eccf87705281d9e05f7.jpg,0.2,50
37229_1482890549,1482899174,43342,143670,110242768,54405852,不是吧我勒个去,http://i7.pdim.gs/0257040380bd7d294a8017532c07e39b.jpg,0.2,1
37229_1482890549,1482899174,43342,143670,110242768,54405852,不是吧我勒个去,http://i7.pdim.gs/0257040380bd7d294a8017532c07e39b.jpg,0.2,2
37229_1482890549,1482899199,43342,143670,110242768,54405852,不是吧我勒个去,http://i7.pdim.gs/0257040380bd7d294a8017532c07e39b.jpg,0.2,1
37229_1482890549,1482899200,43342,143670,110242868,54405852,不是吧我勒个去,http://i7.pdim.gs/0257040380bd7d294a8017532c07e39b.jpg,0.2,2
37229_1482890549,1482899201,43342,143670,110242868,54405852,不是吧我勒个去,http://i7.pdim.gs/0257040380bd7d294a8017532c07e39b.jpg,0.2,3
37229_1482890549,1482902844,24324,143749,110291340,53931826,老子天下第壹,http://i7.pdim.gs/0257040380bd7d294a8017532c07e39b.jpg,5.0,1
37229_1482890549,1482903295,24392,143751,110298213,53885900,尼玛坑爹的岁月,http://i6.pdim.gs/96dc3d40d67fe0f3599c22320bbc04be.png,5.0,1
37229_1482890549,1482903296,24392,143751,110298213,53885900,尼玛坑爹的岁月,http://i6.pdim.gs/96dc3d40d67fe0f3599c22320bbc04be.png,5.0,2
37229_1482890549,1482903298,24392,143751,110298213,53885900,尼玛坑爹的岁月,http://i6.pdim.gs/96dc3d40d67fe0f3599c22320bbc04be.png,5.0,3
37229_1482890549,1482903299,24392,143751,110298213,53885900,尼玛坑爹的岁月,http://i6.pdim.gs/96dc3d40d67fe0f3599c22320bbc04be.png,5.0,4
37229_1482890549,1482903850,24766,143753,110308966,34248102,白猫233,http://i8.pdim.gs/3d17c9095a6bf58eea18e330edadd08e.jpeg,0.2,1
37229_1482890549,1482904687,25060,143769,110321539,64083622,小儿郎三毛,http://i7.pdim.gs/0257040380bd7d294a8017532c07e39b.jpg,5.0,1
37229_1482890549,1482904694,25060,143769,110321539,64083622,小儿郎三毛,http://i7.pdim.gs/0257040380bd7d294a8017532c07e39b.jpg,5.0,2
37229_1482890549,1482904752,25060,143773,110324472,36045124,守护婼怡的惜缘,http://i6.pdim.gs/1c77b48a1c2af68615f33950f859bee2.png,0.2,1
37229_1482890549,1482904753,25060,143773,110324472,36045124,守护婼怡的惜缘,http://i6.pdim.gs/1c77b48a1c2af68615f33950f859bee2.png,0.2,2
37229_1482890549,1482904753,25060,143773,110324472,36045124,守护婼怡的惜缘,http://i6.pdim.gs/1c77b48a1c2af68615f33950f859bee2.png,0.2,3
37229_1482890549,1482904754,25060,143773,110324472,36045124,守护婼怡的惜缘,http://i6.pdim.gs/1c77b48a1c2af68615f33950f859bee2.png,0.2,4
37229_1482890549,1482904754,25060,143773,110324472,36045124,守护婼怡的惜缘,http://i6.pdim.gs/1c77b48a1c2af68615f33950f859bee2.png,0.2,5
37229_1482890549,1482905331,22642,143783,110338245,3407582,唯一喂喂喂,http://i0.pdim.gs/t01c7499a13ccfeace1.jpg,5.0,1
37229_1482890549,1482905606,25782,143788,110339465,3407582,唯一喂喂喂,http://i0.pdim.gs/t01c7499a13ccfeace1.jpg,5.0,1
37229_1482890549,1482906316,33304,143802,110354991,53885900,尼玛坑爹的岁月,http://i6.pdim.gs/96dc3d40d67fe0f3599c22320bbc04be.png,5.0,1
37229_1482890549,1482906319,33304,143802,110354991,53885900,尼玛坑爹的岁月,http://i6.pdim.gs/96dc3d40d67fe0f3599c22320bbc04be.png,5.0,2
37229_1482890549,1482908724,33582,143859,110417395,50796004,从头再来1471,http://i7.pdim.gs/0257040380bd7d294a8017532c07e39b.jpg,0.2,1
37229_1482890549,1482908725,33582,143859,110417395,50796004,从头再来1471,http://i7.pdim.gs/0257040380bd7d294a8017532c07e39b.jpg,0.2,2
37229_1482890549,1482909245,30961,143868,110435507,61773948,冷傲枫,http://i8.pdim.gs/c87f44e92f84947569551e2dd721a174.jpeg,0.2,7
37229_1482890549,1482909247,30961,143868,110435507,61773948,冷傲枫,http://i8.pdim.gs/c87f44e92f84947569551e2dd721a174.jpeg,0.2,8
