404055_1482836601,1482855478,68148,168200,36669626,54725998,他的她哦,http://i7.pdim.gs/0257040380bd7d294a8017532c07e39b.jpg,5.0,1
404055_1482836601,1482855481,68148,168200,36669626,54725998,他的她哦,http://i7.pdim.gs/0257040380bd7d294a8017532c07e39b.jpg,5.0,2
404055_1482836601,1482855647,64786,168204,36670226,44371314,LM舍长驾到,http://i6.pdim.gs/bb41ff4c6437fe6a610c5d85eb8ee2dd.jpg,0.0,
404055_1482836601,1482855767,63493,168204,36670226,44371314,LM舍长驾到,http://i6.pdim.gs/bb41ff4c6437fe6a610c5d85eb8ee2dd.jpg,0.2,1
404055_1482836601,1482855768,63493,168204,36670226,44371314,LM舍长驾到,http://i6.pdim.gs/bb41ff4c6437fe6a610c5d85eb8ee2dd.jpg,0.2,2
404055_1482836601,1482855769,62853,168206,36674486,44371314,LM舍长驾到,http://i6.pdim.gs/bb41ff4c6437fe6a610c5d85eb8ee2dd.jpg,0.2,3
167501_1482882388,1482887520,3483,18406,5481961,33464558,叁Boy,http://i8.pdim.gs/4baae880c1d370d4b1ed808af70dcd3c.jpeg,0.2,1
167501_1482882388,1482893477,3772,18453,5500034,27490210,心软脾气硬Baron,http://i0.pdim.gs/t019902d555bd63d18e.jpg,5.0,1
167501_1482882388,1482894002,3392,18454,5500034,27490210,心软脾气硬Baron,http://i0.pdim.gs/t019902d555bd63d18e.jpg,5.0,1
167501_1482882388,1482895095,2707,18455,5500554,29679586,sAviOr1011,http://i0.pdim.gs/t01190267835988bb83.jpg,0.0,
167501_1482882388,1482895096,2707,18455,5500554,29679586,sAviOr1011,http://i0.pdim.gs/t01190267835988bb83.jpg,0.0,
167501_1482882388,1482895096,2707,18455,5500554,29679586,sAviOr1011,http://i0.pdim.gs/t01190267835988bb83.jpg,0.0,
167501_1482882388,1482895095,2707,18455,5500554,29679586,sAviOr1011,http://i0.pdim.gs/t01190267835988bb83.jpg,0.0,
167501_1482882388,1482895096,2707,18455,5500554,29679586,sAviOr1011,http://i0.pdim.gs/t01190267835988bb83.jpg,0.0,
167501_1482882388,1482895097,2707,18455,5500554,29679586,sAviOr1011,http://i0.pdim.gs/t01190267835988bb83.jpg,0.0,
167501_1482882388,1482895097,2707,18455,5500554,29679586,sAviOr1011,http://i0.pdim.gs/t01190267835988bb83.jpg,0.0,
167501_1482882388,1482895098,2707,18455,5500554,29679586,sAviOr1011,http://i0.pdim.gs/t01190267835988bb83.jpg,0.0,
167501_1482882388,1482895098,2707,18455,5500554,29679586,sAviOr1011,http://i0.pdim.gs/t01190267835988bb83.jpg,0.0,
167501_1482882388,1482895098,2707,18455,5500554,29679586,sAviOr1011,http://i0.pdim.gs/t01190267835988bb83.jpg,0.0,
167501_1482882388,1482895099,2707,18455,5500554,29679586,sAviOr1011,http://i0.pdim.gs/t01190267835988bb83.jpg,0.0,
167501_1482882388,1482895099,2707,18455,5500554,29679586,sAviOr1011,http://i0.pdim.gs/t01190267835988bb83.jpg,0.0,
347836_1482893490,1482897841,10836,32414,12501979,56132576,曦缡,http://i7.pdim.gs/0257040380bd7d294a8017532c07e39b.jpg,0.0,
347836_1482893490,1482897841,10846,32414,12502079,56132576,曦缡,http://i7.pdim.gs/0257040380bd7d294a8017532c07e39b.jpg,0.0,
347836_1482893490,1482897842,10846,32414,12502079,56132576,曦缡,http://i7.pdim.gs/0257040380bd7d294a8017532c07e39b.jpg,0.0,
347836_1482893490,1482897842,10846,32414,12502079,56132576,曦缡,http://i7.pdim.gs/0257040380bd7d294a8017532c07e39b.jpg,0.0,
347836_1482893490,1482897847,10846,32414,12502079,53954448,圆圆圈圈7940,http://i7.pdim.gs/0257040380bd7d294a8017532c07e39b.jpg,0.2,1
347836_1482893490,1482898838,10938,32419,12506999,43008570,十年二剑,http://i6.pdim.gs/0d0ee47520c512e0d26ec07a6450d48b.jpeg,0.2,1
347836_1482893490,1482898839,10938,32419,12506999,43008570,十年二剑,http://i6.pdim.gs/0d0ee47520c512e0d26ec07a6450d48b.jpeg,0.2,2
347836_1482893490,1482898841,10938,32419,12506999,43008570,十年二剑,http://i6.pdim.gs/0d0ee47520c512e0d26ec07a6450d48b.jpeg,0.2,3
347836_1482893490,1482898842,10941,32419,12507299,43008570,十年二剑,http://i6.pdim.gs/0d0ee47520c512e0d26ec07a6450d48b.jpeg,0.2,4
347836_1482893490,1482898844,10941,32419,12507299,43008570,十年二剑,http://i6.pdim.gs/0d0ee47520c512e0d26ec07a6450d48b.jpeg,0.2,5
347836_1482893490,1482899127,11531,32422,12507799,56132576,曦缡,http://i7.pdim.gs/0257040380bd7d294a8017532c07e39b.jpg,0.0,
347836_1482893490,1482899128,11531,32422,12507799,56132576,曦缡,http://i7.pdim.gs/0257040380bd7d294a8017532c07e39b.jpg,0.0,
347836_1482893490,1482899128,11531,32422,12507799,56132576,曦缡,http://i7.pdim.gs/0257040380bd7d294a8017532c07e39b.jpg,0.0,
347836_1482893490,1482899128,11531,32422,12507799,56132576,曦缡,http://i7.pdim.gs/0257040380bd7d294a8017532c07e39b.jpg,0.0,
347836_1482893490,1482899634,13350,32431,12508399,40053006,默亡人,http://i7.pdim.gs/0257040380bd7d294a8017532c07e39b.jpg,0.2,1
347836_1482893490,1482899635,13350,32431,12508399,40053006,默亡人,http://i7.pdim.gs/0257040380bd7d294a8017532c07e39b.jpg,0.2,2
347836_1482893490,1482899636,13350,32431,12508399,40053006,默亡人,http://i7.pdim.gs/0257040380bd7d294a8017532c07e39b.jpg,0.2,3
347836_1482893490,1482899636,13350,32431,12508399,40053006,默亡人,http://i7.pdim.gs/0257040380bd7d294a8017532c07e39b.jpg,0.2,4
347836_1482893490,1482900602,14181,32448,12513939,30571376,雪月武,http://i5.pdim.gs/e90ac1a27cee7f1db926a0c3f422ca7c.jpeg,100.0,1
347836_1482893490,1482900751,14058,32457,12518392,30571376,雪月武,http://i5.pdim.gs/e90ac1a27cee7f1db926a0c3f422ca7c.jpeg,100.0,2
347836_1482893490,1482901152,12914,32476,12552056,38304246,超级大帅哥66,http://i6.pdim.gs/762d23c2f134d238228fd2b5a5a2afc7.png,0.2,1
10431_1482895950,1482914920,7779,98877,51526184,57775622,王二雅,http://i7.pdim.gs/0257040380bd7d294a8017532c07e39b.jpg,0.2,1
10431_1482895950,1482915852,7333,98879,51529824,57775622,王二雅,http://i7.pdim.gs/0257040380bd7d294a8017532c07e39b.jpg,0.2,1
10015_1482920157,1482922633,102069,1213219,896130921,3544368,真新镇,http://i5.pdim.gs/8553cfa365618342cbdfb2dd55df4204.jpeg,100.0,1
10015_1482920157,1482922633,102069,1213219,896130921,3544368,真新镇,http://i5.pdim.gs/8553cfa365618342cbdfb2dd55df4204.jpeg,100.0,2
10015_1482920157,1482922634,102069,1213219,896130921,3544368,真新镇,http://i5.pdim.gs/8553cfa365618342cbdfb2dd55df4204.jpeg,100.0,3
10015_1482920157,1482922634,102069,1213219,896130921,3544368,真新镇,http://i5.pdim.gs/8553cfa365618342cbdfb2dd55df4204.jpeg,100.0,4
10015_1482920157,1482922634,102069,1213219,896130921,3544368,真新镇,http://i5.pdim.gs/8553cfa365618342cbdfb2dd55df4204.jpeg,100.0,5
10015_1482920157,1482922634,102069,1213219,896130921,3544368,真新镇,http://i5.pdim.gs/8553cfa365618342cbdfb2dd55df4204.jpeg,100.0,6
10015_1482920157,1482922829,108537,1213220,896154121,3575098,上山打老虎BOOM,http://i7.pdim.gs/dba0449044b52526e0026a3422518413.jpeg,0.2,1
10015_1482920157,1482922829,108537,1213220,896154121,3575098,上山打老虎BOOM,http://i7.pdim.gs/dba0449044b52526e0026a3422518413.jpeg,0.2,2
10015_1482920157,1482922946,107639,1213222,896160921,40139032,嗷恁头,http://i7.pdim.gs/980646d105e345e5ef0946d148d9e324.png,0.0,
10015_1482920157,1482923272,120101,1213221,896171141,5962608,Chitogek,http://i6.pdim.gs/53fe88bb4c3c3b8b5903bc5393defccd.jpeg,5.0,1
10015_1482920157,1482923795,123922,1213231,896196041,38561708,一万个风行云,http://i8.pdim.gs/7de125a266d6577e6fdbb3008f0280b7.jpeg,5.0,1
10015_1482920157,1482923795,123922,1213231,896196041,38561708,一万个风行云,http://i8.pdim.gs/7de125a266d6577e6fdbb3008f0280b7.jpeg,5.0,2
10015_1482920157,1482924170,124346,1213238,896203961,5021998,菜狗子云神,http://i3.pdim.gs/t019b06dfecb85ec475.jpg,5.0,1
10015_1482920157,1482924172,123908,1213239,896204361,5021998,菜狗子云神,http://i3.pdim.gs/t019b06dfecb85ec475.jpg,5.0,2
10015_1482920157,1482924182,123908,1213239,896204361,37390236,LUJeremy,http://i7.pdim.gs/c57256d14a05f4bf6651d185af9580bc.png,100.0,1
10015_1482920157,1482925031,119735,1213255,896236061,29141004,小西装zz,http://i5.pdim.gs/375c1eacf2a3e8ab5d07a8f6a7bb85e7.jpg,5.0,1
10015_1482920157,1482925033,119735,1213255,896236061,29141004,小西装zz,http://i5.pdim.gs/375c1eacf2a3e8ab5d07a8f6a7bb85e7.jpg,5.0,2
10015_1482920157,1482925047,119735,1213255,896236061,29141004,小西装zz,http://i5.pdim.gs/375c1eacf2a3e8ab5d07a8f6a7bb85e7.jpg,5.0,3
10015_1482920157,1482925058,119735,1213257,896236161,29141004,小西装zz,http://i5.pdim.gs/375c1eacf2a3e8ab5d07a8f6a7bb85e7.jpg,5.0,4
10015_1482920157,1482926140,120940,1213271,896269761,22029428,旧人旧梦旧时光ii,http://i6.pdim.gs/431f8ecc473cf47b434338cd0f69fca5.jpg,5.0,1
10015_1482920157,1482926141,120940,1213271,896269761,22029428,旧人旧梦旧时光ii,http://i6.pdim.gs/431f8ecc473cf47b434338cd0f69fca5.jpg,5.0,2
10015_1482920157,1482926142,120940,1213271,896269761,22029428,旧人旧梦旧时光ii,http://i6.pdim.gs/431f8ecc473cf47b434338cd0f69fca5.jpg,5.0,3
10015_1482920157,1482926214,121920,1213273,896272261,37390236,LUJeremy,http://i7.pdim.gs/c57256d14a05f4bf6651d185af9580bc.png,100.0,1
10015_1482920157,1482928412,133602,1213299,896347741,3702856,在这狂混LC,http://i8.pdim.gs/be6ba968abe2a9e8b2f051ae7e13191e.jpeg,5.0,1
10015_1482920157,1482928412,133602,1213299,896347741,3702856,在这狂混LC,http://i8.pdim.gs/be6ba968abe2a9e8b2f051ae7e13191e.jpeg,5.0,2
10015_1482920157,1482928626,128650,1213304,896361641,27250706,o0风行云0o,http://i2.pdim.gs/t0159f404b028fdd2be.jpg,0.2,1
10015_1482920157,1482928626,128650,1213304,896361641,27250706,o0风行云0o,http://i2.pdim.gs/t0159f404b028fdd2be.jpg,0.2,2
10015_1482920157,1482928627,128650,1213304,896361641,27250706,o0风行云0o,http://i2.pdim.gs/t0159f404b028fdd2be.jpg,0.2,3
10015_1482920157,1482928629,128650,1213304,896361641,27250706,o0风行云0o,http://i2.pdim.gs/t0159f404b028fdd2be.jpg,0.2,4
10015_1482920157,1482929096,141362,1213306,896373341,3401660,FY飞羽,http://i5.pdim.gs/8e9365cc8f3c7060f0854ddc7d05a401.jpg,0.2,1
10015_1482920157,1482929097,141362,1213306,896373341,3401660,FY飞羽,http://i5.pdim.gs/8e9365cc8f3c7060f0854ddc7d05a401.jpg,0.2,2
10015_1482920157,1482929098,141362,1213306,896373341,3401660,FY飞羽,http://i5.pdim.gs/8e9365cc8f3c7060f0854ddc7d05a401.jpg,0.2,3
10015_1482920157,1482929098,141362,1213306,896373341,3401660,FY飞羽,http://i5.pdim.gs/8e9365cc8f3c7060f0854ddc7d05a401.jpg,0.2,4
10015_1482920157,1482929098,141362,1213306,896373341,3401660,FY飞羽,http://i5.pdim.gs/8e9365cc8f3c7060f0854ddc7d05a401.jpg,0.2,5
10015_1482920157,1482929242,154635,1213307,896385894,39723582,华航同学,http://i9.pdim.gs/d6d3f5870bb603088438d2471aa89a6b.jpg,5.0,1
10015_1482920157,1482929248,154635,1213307,896385894,36650970,Supary灬LL,http://i8.pdim.gs/e645b978b8f9cfa55772c250dc9dca9c.jpeg,0.0,
10015_1482920157,1482929248,154635,1213307,896385894,36650970,Supary灬LL,http://i8.pdim.gs/e645b978b8f9cfa55772c250dc9dca9c.jpeg,0.0,
10015_1482920157,1482929248,154635,1213307,896385894,36650970,Supary灬LL,http://i8.pdim.gs/e645b978b8f9cfa55772c250dc9dca9c.jpeg,0.0,
10015_1482920157,1482929249,154635,1213307,896385894,36650970,Supary灬LL,http://i8.pdim.gs/e645b978b8f9cfa55772c250dc9dca9c.jpeg,0.0,
10015_1482920157,1482929249,154635,1213307,896385894,36650970,Supary灬LL,http://i8.pdim.gs/e645b978b8f9cfa55772c250dc9dca9c.jpeg,0.0,
10015_1482920157,1482929249,154635,1213307,896385894,36650970,Supary灬LL,http://i8.pdim.gs/e645b978b8f9cfa55772c250dc9dca9c.jpeg,0.0,
10015_1482920157,1482929249,154635,1213307,896385894,36650970,Supary灬LL,http://i8.pdim.gs/e645b978b8f9cfa55772c250dc9dca9c.jpeg,0.0,
10015_1482920157,1482929249,154635,1213307,896385894,36650970,Supary灬LL,http://i8.pdim.gs/e645b978b8f9cfa55772c250dc9dca9c.jpeg,0.0,
10015_1482920157,1482929249,154635,1213307,896385894,36650970,Supary灬LL,http://i8.pdim.gs/e645b978b8f9cfa55772c250dc9dca9c.jpeg,0.0,
10015_1482920157,1482929250,154635,1213307,896385894,36650970,Supary灬LL,http://i8.pdim.gs/e645b978b8f9cfa55772c250dc9dca9c.jpeg,0.0,
10015_1482920157,1482929250,154635,1213307,896385894,36650970,Supary灬LL,http://i8.pdim.gs/e645b978b8f9cfa55772c250dc9dca9c.jpeg,0.0,
10015_1482920157,1482929250,154635,1213307,896385894,36650970,Supary灬LL,http://i8.pdim.gs/e645b978b8f9cfa55772c250dc9dca9c.jpeg,0.0,
10015_1482920157,1482929250,154635,1213307,896385894,36650970,Supary灬LL,http://i8.pdim.gs/e645b978b8f9cfa55772c250dc9dca9c.jpeg,0.0,
10015_1482920157,1482929250,154635,1213307,896385894,36650970,Supary灬LL,http://i8.pdim.gs/e645b978b8f9cfa55772c250dc9dca9c.jpeg,0.0,
10015_1482920157,1482929250,154635,1213307,896385894,36650970,Supary灬LL,http://i8.pdim.gs/e645b978b8f9cfa55772c250dc9dca9c.jpeg,0.0,
10015_1482920157,1482929251,154635,1213307,896385894,36650970,Supary灬LL,http://i8.pdim.gs/e645b978b8f9cfa55772c250dc9dca9c.jpeg,0.0,
10015_1482920157,1482929251,154635,1213307,896385894,36650970,Supary灬LL,http://i8.pdim.gs/e645b978b8f9cfa55772c250dc9dca9c.jpeg,0.0,
10015_1482920157,1482929251,154635,1213307,896385894,36650970,Supary灬LL,http://i8.pdim.gs/e645b978b8f9cfa55772c250dc9dca9c.jpeg,0.0,
10015_1482920157,1482929251,154635,1213307,896385894,36650970,Supary灬LL,http://i8.pdim.gs/e645b978b8f9cfa55772c250dc9dca9c.jpeg,0.0,
10015_1482920157,1482929251,154635,1213307,896385894,36650970,Supary灬LL,http://i8.pdim.gs/e645b978b8f9cfa55772c250dc9dca9c.jpeg,0.0,
10015_1482920157,1482929251,154635,1213307,896385894,36650970,Supary灬LL,http://i8.pdim.gs/e645b978b8f9cfa55772c250dc9dca9c.jpeg,0.0,
10015_1482920157,1482929252,154635,1213307,896385894,36650970,Supary灬LL,http://i8.pdim.gs/e645b978b8f9cfa55772c250dc9dca9c.jpeg,0.0,
10015_1482920157,1482929252,154635,1213307,896385894,36650970,Supary灬LL,http://i8.pdim.gs/e645b978b8f9cfa55772c250dc9dca9c.jpeg,0.0,
10015_1482920157,1482929253,154635,1213307,896385894,36650970,Supary灬LL,http://i8.pdim.gs/e645b978b8f9cfa55772c250dc9dca9c.jpeg,0.0,
10015_1482920157,1482929253,154635,1213307,896385894,36650970,Supary灬LL,http://i8.pdim.gs/e645b978b8f9cfa55772c250dc9dca9c.jpeg,0.0,
10015_1482920157,1482929253,154635,1213307,896385894,36650970,Supary灬LL,http://i8.pdim.gs/e645b978b8f9cfa55772c250dc9dca9c.jpeg,0.0,
10015_1482920157,1482929253,154635,1213307,896385894,36650970,Supary灬LL,http://i8.pdim.gs/e645b978b8f9cfa55772c250dc9dca9c.jpeg,0.0,
10015_1482920157,1482929253,154635,1213307,896385894,36650970,Supary灬LL,http://i8.pdim.gs/e645b978b8f9cfa55772c250dc9dca9c.jpeg,0.0,
10015_1482920157,1482929254,154635,1213307,896385894,36650970,Supary灬LL,http://i8.pdim.gs/e645b978b8f9cfa55772c250dc9dca9c.jpeg,0.0,
10015_1482920157,1482929254,154635,1213307,896385894,36650970,Supary灬LL,http://i8.pdim.gs/e645b978b8f9cfa55772c250dc9dca9c.jpeg,0.0,
10015_1482920157,1482929254,154635,1213307,896385894,36650970,Supary灬LL,http://i8.pdim.gs/e645b978b8f9cfa55772c250dc9dca9c.jpeg,0.0,
10015_1482920157,1482929254,154635,1213307,896385894,36650970,Supary灬LL,http://i8.pdim.gs/e645b978b8f9cfa55772c250dc9dca9c.jpeg,0.0,
10015_1482920157,1482929254,154635,1213307,896385894,36650970,Supary灬LL,http://i8.pdim.gs/e645b978b8f9cfa55772c250dc9dca9c.jpeg,0.0,
10015_1482920157,1482929255,154635,1213307,896385894,36650970,Supary灬LL,http://i8.pdim.gs/e645b978b8f9cfa55772c250dc9dca9c.jpeg,0.0,
10015_1482920157,1482929255,154635,1213307,896385894,36650970,Supary灬LL,http://i8.pdim.gs/e645b978b8f9cfa55772c250dc9dca9c.jpeg,0.0,
10015_1482920157,1482929255,154635,1213307,896385894,36650970,Supary灬LL,http://i8.pdim.gs/e645b978b8f9cfa55772c250dc9dca9c.jpeg,0.0,
10015_1482920157,1482929255,154635,1213307,896385894,36650970,Supary灬LL,http://i8.pdim.gs/e645b978b8f9cfa55772c250dc9dca9c.jpeg,0.0,
10015_1482920157,1482929255,154635,1213307,896385894,36650970,Supary灬LL,http://i8.pdim.gs/e645b978b8f9cfa55772c250dc9dca9c.jpeg,0.0,
10015_1482920157,1482929256,154635,1213307,896385894,36650970,Supary灬LL,http://i8.pdim.gs/e645b978b8f9cfa55772c250dc9dca9c.jpeg,0.0,
10015_1482920157,1482929256,154635,1213307,896385894,36650970,Supary灬LL,http://i8.pdim.gs/e645b978b8f9cfa55772c250dc9dca9c.jpeg,0.0,
10015_1482920157,1482929259,154635,1213307,896387194,22193088,不自主的混,http://i9.pdim.gs/da7854e7d1d51168ef0d6b5e15839e05.jpeg,5.0,1
10015_1482920157,1482929276,154635,1213307,896387194,22193088,不自主的混,http://i9.pdim.gs/da7854e7d1d51168ef0d6b5e15839e05.jpeg,5.0,2
10015_1482920157,1482929350,146415,1213304,896388794,22193088,不自主的混,http://i9.pdim.gs/da7854e7d1d51168ef0d6b5e15839e05.jpeg,5.0,3
10015_1482920157,1482929431,157449,1213305,896389994,22193088,不自主的混,http://i9.pdim.gs/da7854e7d1d51168ef0d6b5e15839e05.jpeg,5.0,4
10015_1482920157,1482929473,158735,1213307,896390794,22193088,不自主的混,http://i9.pdim.gs/da7854e7d1d51168ef0d6b5e15839e05.jpeg,5.0,5
10015_1482920157,1482929473,158735,1213307,896390794,22193088,不自主的混,http://i9.pdim.gs/da7854e7d1d51168ef0d6b5e15839e05.jpeg,5.0,6
10015_1482920157,1482929473,158735,1213307,896390794,22193088,不自主的混,http://i9.pdim.gs/da7854e7d1d51168ef0d6b5e15839e05.jpeg,5.0,7
10015_1482920157,1482929549,161928,1213305,896396294,7552540,Noble丶漠渃,http://i6.pdim.gs/cad9c4b3b7a8c8df430b0adfb5123ff1.jpeg,0.0,
10015_1482920157,1482929557,161928,1213305,896396294,7552540,Noble丶漠渃,http://i6.pdim.gs/cad9c4b3b7a8c8df430b0adfb5123ff1.jpeg,0.0,
10015_1482920157,1482929664,168632,1213308,896406914,3766100,与鱼,http://i3.pdim.gs/t015f62f4980a7d32b8.jpg,0.2,1
10015_1482920157,1482929666,168632,1213308,896406914,3766100,与鱼,http://i3.pdim.gs/t015f62f4980a7d32b8.jpg,0.2,2
10015_1482920157,1482929668,168632,1213308,896406914,3766100,与鱼,http://i3.pdim.gs/t015f62f4980a7d32b8.jpg,0.2,3
10015_1482920157,1482929669,168632,1213308,896406914,3766100,与鱼,http://i3.pdim.gs/t015f62f4980a7d32b8.jpg,0.2,4
10015_1482920157,1482929671,168632,1213308,896406914,3766100,与鱼,http://i3.pdim.gs/t015f62f4980a7d32b8.jpg,0.2,5
10015_1482920157,1482929672,168632,1213308,896406914,3766100,与鱼,http://i3.pdim.gs/t015f62f4980a7d32b8.jpg,0.2,6
10015_1482920157,1482929673,168632,1213308,896406914,3766100,与鱼,http://i3.pdim.gs/t015f62f4980a7d32b8.jpg,0.2,7
10015_1482920157,1482929674,168632,1213308,896406914,3766100,与鱼,http://i3.pdim.gs/t015f62f4980a7d32b8.jpg,0.2,8
10015_1482920157,1482929676,168632,1213308,896406914,3766100,与鱼,http://i3.pdim.gs/t015f62f4980a7d32b8.jpg,0.2,9
10015_1482920157,1482929677,168632,1213308,896406914,3766100,与鱼,http://i3.pdim.gs/t015f62f4980a7d32b8.jpg,0.2,10
10015_1482920157,1482929678,168632,1213308,896406914,3766100,与鱼,http://i3.pdim.gs/t015f62f4980a7d32b8.jpg,0.2,11
10015_1482920157,1482929679,168632,1213308,896406914,3766100,与鱼,http://i3.pdim.gs/t015f62f4980a7d32b8.jpg,0.2,12
10015_1482920157,1482929679,168632,1213308,896406914,3766100,与鱼,http://i3.pdim.gs/t015f62f4980a7d32b8.jpg,0.2,13
10015_1482920157,1482929680,170184,1213309,896410454,3766100,与鱼,http://i3.pdim.gs/t015f62f4980a7d32b8.jpg,0.2,14
10015_1482920157,1482929682,170184,1213309,896410454,3766100,与鱼,http://i3.pdim.gs/t015f62f4980a7d32b8.jpg,0.2,15
10015_1482920157,1482929683,170184,1213309,896410454,3766100,与鱼,http://i3.pdim.gs/t015f62f4980a7d32b8.jpg,0.2,16
10015_1482920157,1482929684,170184,1213309,896410454,3766100,与鱼,http://i3.pdim.gs/t015f62f4980a7d32b8.jpg,0.2,17
10015_1482920157,1482929685,170184,1213309,896410454,3766100,与鱼,http://i3.pdim.gs/t015f62f4980a7d32b8.jpg,0.2,18
10015_1482920157,1482929686,170184,1213309,896410454,3766100,与鱼,http://i3.pdim.gs/t015f62f4980a7d32b8.jpg,0.2,19
10015_1482920157,1482929688,170184,1213309,896410454,3766100,与鱼,http://i3.pdim.gs/t015f62f4980a7d32b8.jpg,0.2,20
10015_1482920157,1482929689,170184,1213309,896410454,3766100,与鱼,http://i3.pdim.gs/t015f62f4980a7d32b8.jpg,0.2,21
10015_1482920157,1482929690,170184,1213309,896410454,3766100,与鱼,http://i3.pdim.gs/t015f62f4980a7d32b8.jpg,0.2,22
10015_1482920157,1482929691,170184,1213309,896410454,3766100,与鱼,http://i3.pdim.gs/t015f62f4980a7d32b8.jpg,0.2,23
10015_1482920157,1482929692,170184,1213309,896410454,3766100,与鱼,http://i3.pdim.gs/t015f62f4980a7d32b8.jpg,0.2,24
10015_1482920157,1482929693,170184,1213309,896410454,3766100,与鱼,http://i3.pdim.gs/t015f62f4980a7d32b8.jpg,0.2,25
10015_1482920157,1482929694,170184,1213309,896410454,3766100,与鱼,http://i3.pdim.gs/t015f62f4980a7d32b8.jpg,0.2,26
10015_1482920157,1482929695,170184,1213309,896410454,3766100,与鱼,http://i3.pdim.gs/t015f62f4980a7d32b8.jpg,0.2,27
10015_1482920157,1482929696,170184,1213309,896410454,3766100,与鱼,http://i3.pdim.gs/t015f62f4980a7d32b8.jpg,0.2,28
10015_1482920157,1482929697,170184,1213309,896410454,3766100,与鱼,http://i3.pdim.gs/t015f62f4980a7d32b8.jpg,0.2,29
10015_1482920157,1482929699,170184,1213309,896410454,3766100,与鱼,http://i3.pdim.gs/t015f62f4980a7d32b8.jpg,0.2,30
10015_1482920157,1482929702,170184,1213309,896410454,3766100,与鱼,http://i3.pdim.gs/t015f62f4980a7d32b8.jpg,0.2,31
10015_1482920157,1482929703,170184,1213309,896410454,3766100,与鱼,http://i3.pdim.gs/t015f62f4980a7d32b8.jpg,0.2,32
10015_1482920157,1482929704,170184,1213309,896410454,3766100,与鱼,http://i3.pdim.gs/t015f62f4980a7d32b8.jpg,0.2,33
10015_1482920157,1482929706,170184,1213309,896410454,3766100,与鱼,http://i3.pdim.gs/t015f62f4980a7d32b8.jpg,0.2,35
10015_1482920157,1482929707,170184,1213309,896410454,3766100,与鱼,http://i3.pdim.gs/t015f62f4980a7d32b8.jpg,0.2,36
10015_1482920157,1482929708,170184,1213309,896410454,3766100,与鱼,http://i3.pdim.gs/t015f62f4980a7d32b8.jpg,0.2,37
10015_1482920157,1482929709,170184,1213309,896410454,3766100,与鱼,http://i3.pdim.gs/t015f62f4980a7d32b8.jpg,0.2,38
10015_1482920157,1482929711,170184,1213309,896410454,3766100,与鱼,http://i3.pdim.gs/t015f62f4980a7d32b8.jpg,0.2,39
10015_1482920157,1482929712,173727,1213308,896410454,3766100,与鱼,http://i3.pdim.gs/t015f62f4980a7d32b8.jpg,0.2,40
10015_1482920157,1482929713,173727,1213308,896410454,3766100,与鱼,http://i3.pdim.gs/t015f62f4980a7d32b8.jpg,0.2,41
10015_1482920157,1482929714,173727,1213308,896410454,3766100,与鱼,http://i3.pdim.gs/t015f62f4980a7d32b8.jpg,0.2,42
10015_1482920157,1482929715,173727,1213308,896410454,3766100,与鱼,http://i3.pdim.gs/t015f62f4980a7d32b8.jpg,0.2,43
10015_1482920157,1482929716,173727,1213308,896410454,3766100,与鱼,http://i3.pdim.gs/t015f62f4980a7d32b8.jpg,0.2,44
10015_1482920157,1482929717,173727,1213308,896410454,3766100,与鱼,http://i3.pdim.gs/t015f62f4980a7d32b8.jpg,0.2,45
10015_1482920157,1482929718,173727,1213308,896410454,3766100,与鱼,http://i3.pdim.gs/t015f62f4980a7d32b8.jpg,0.2,46
10015_1482920157,1482929719,173727,1213308,896410454,3766100,与鱼,http://i3.pdim.gs/t015f62f4980a7d32b8.jpg,0.2,47
10015_1482920157,1482929720,173727,1213308,896410454,3766100,与鱼,http://i3.pdim.gs/t015f62f4980a7d32b8.jpg,0.2,48
10015_1482920157,1482929721,173727,1213308,896410454,3766100,与鱼,http://i3.pdim.gs/t015f62f4980a7d32b8.jpg,0.2,49
10015_1482920157,1482929722,173727,1213308,896410454,3766100,与鱼,http://i3.pdim.gs/t015f62f4980a7d32b8.jpg,0.2,50
10015_1482920157,1482929994,185973,1213315,896443474,62566714,红尘乐乐,http://i7.pdim.gs/0257040380bd7d294a8017532c07e39b.jpg,0.2,1
10015_1482920157,1482930017,185973,1213314,896444674,62566714,红尘乐乐,http://i7.pdim.gs/0257040380bd7d294a8017532c07e39b.jpg,0.2,2
10015_1482920157,1482930019,185973,1213314,896444674,62566714,红尘乐乐,http://i7.pdim.gs/0257040380bd7d294a8017532c07e39b.jpg,0.2,3
10015_1482920157,1482930075,189590,1213314,896445374,3613218,fljispig,http://i2.pdim.gs/t01e5a8aa175b3b83bb.png,0.0,
10015_1482920157,1482930075,189590,1213314,896445374,3613218,fljispig,http://i2.pdim.gs/t01e5a8aa175b3b83bb.png,0.0,
10015_1482920157,1482930077,189590,1213314,896445374,3613218,fljispig,http://i2.pdim.gs/t01e5a8aa175b3b83bb.png,0.0,
10015_1482920157,1482930078,189590,1213314,896445374,3613218,fljispig,http://i2.pdim.gs/t01e5a8aa175b3b83bb.png,0.0,
10015_1482920157,1482930078,189590,1213314,896445374,3613218,fljispig,http://i2.pdim.gs/t01e5a8aa175b3b83bb.png,0.0,
10015_1482920157,1482930078,189590,1213314,896445374,3613218,fljispig,http://i2.pdim.gs/t01e5a8aa175b3b83bb.png,0.0,
10015_1482920157,1482930146,189013,1213315,896446474,62566714,红尘乐乐,http://i7.pdim.gs/0257040380bd7d294a8017532c07e39b.jpg,0.2,4
10015_1482920157,1482930244,180468,1213318,896476194,4370588,情绪丶冷,http://i0.pdim.gs/t013a74e5bd028b6d77.jpg,0.2,2
10015_1482920157,1482930245,180468,1213318,896476194,4370588,情绪丶冷,http://i0.pdim.gs/t013a74e5bd028b6d77.jpg,0.2,5
10015_1482920157,1482930246,180468,1213318,896476194,4370588,情绪丶冷,http://i0.pdim.gs/t013a74e5bd028b6d77.jpg,0.2,6
10015_1482920157,1482930247,180468,1213318,896476194,4370588,情绪丶冷,http://i0.pdim.gs/t013a74e5bd028b6d77.jpg,0.2,7
10015_1482920157,1482930247,180468,1213318,896476194,4370588,情绪丶冷,http://i0.pdim.gs/t013a74e5bd028b6d77.jpg,0.2,8
10015_1482920157,1482930249,180468,1213318,896476194,4370588,情绪丶冷,http://i0.pdim.gs/t013a74e5bd028b6d77.jpg,0.2,10
10015_1482920157,1482930248,180468,1213318,896476194,4370588,情绪丶冷,http://i0.pdim.gs/t013a74e5bd028b6d77.jpg,0.2,9
10015_1482920157,1482930250,180468,1213318,896476194,4370588,情绪丶冷,http://i0.pdim.gs/t013a74e5bd028b6d77.jpg,0.2,11
10015_1482920157,1482930251,180468,1213318,896476194,4370588,情绪丶冷,http://i0.pdim.gs/t013a74e5bd028b6d77.jpg,0.2,12
10015_1482920157,1482930251,180468,1213318,896476194,4370588,情绪丶冷,http://i0.pdim.gs/t013a74e5bd028b6d77.jpg,0.2,13
10015_1482920157,1482930252,180468,1213318,896476194,4370588,情绪丶冷,http://i0.pdim.gs/t013a74e5bd028b6d77.jpg,0.2,14
10015_1482920157,1482930253,180468,1213318,896476194,4370588,情绪丶冷,http://i0.pdim.gs/t013a74e5bd028b6d77.jpg,0.2,15
10015_1482920157,1482930254,180468,1213318,896476194,4370588,情绪丶冷,http://i0.pdim.gs/t013a74e5bd028b6d77.jpg,0.2,16
10015_1482920157,1482930255,180468,1213318,896476194,4370588,情绪丶冷,http://i0.pdim.gs/t013a74e5bd028b6d77.jpg,0.2,17
10015_1482920157,1482930255,180468,1213318,896476194,4370588,情绪丶冷,http://i0.pdim.gs/t013a74e5bd028b6d77.jpg,0.2,18
10015_1482920157,1482930256,180468,1213318,896476194,4370588,情绪丶冷,http://i0.pdim.gs/t013a74e5bd028b6d77.jpg,0.2,19
10015_1482920157,1482930266,180468,1213318,896493594,22320732,Frex,http://i2.pdim.gs/t016949f299ff0045c0.jpg,0.2,1
10015_1482920157,1482930266,180468,1213318,896493594,22320732,Frex,http://i2.pdim.gs/t016949f299ff0045c0.jpg,0.2,2
10015_1482920157,1482930266,180468,1213318,896493594,3200350,Dong柒,http://i0.pdim.gs/t01b64036d71b240582.jpg,5.0,1
10015_1482920157,1482930266,180468,1213318,896493594,3200350,Dong柒,http://i0.pdim.gs/t01b64036d71b240582.jpg,5.0,2
10015_1482920157,1482930522,176572,1213332,896511414,53466914,梦终结L,http://i5.pdim.gs/aedfbd652026aff0c961d8b32b57179b.jpeg,0.2,1
10015_1482920157,1482930522,176572,1213332,896511414,53466914,梦终结L,http://i5.pdim.gs/aedfbd652026aff0c961d8b32b57179b.jpeg,0.2,2
10015_1482920157,1482930523,176572,1213332,896511414,53466914,梦终结L,http://i5.pdim.gs/aedfbd652026aff0c961d8b32b57179b.jpeg,0.2,3
10015_1482920157,1482930523,176572,1213332,896511414,53466914,梦终结L,http://i5.pdim.gs/aedfbd652026aff0c961d8b32b57179b.jpeg,0.2,4
10015_1482920157,1482930524,176572,1213332,896511414,53466914,梦终结L,http://i5.pdim.gs/aedfbd652026aff0c961d8b32b57179b.jpeg,0.2,5
10015_1482920157,1482930524,176572,1213332,896511414,53466914,梦终结L,http://i5.pdim.gs/aedfbd652026aff0c961d8b32b57179b.jpeg,0.2,6
10015_1482920157,1482930525,176572,1213332,896511414,53466914,梦终结L,http://i5.pdim.gs/aedfbd652026aff0c961d8b32b57179b.jpeg,0.2,8
10015_1482920157,1482930525,176572,1213332,896511414,53466914,梦终结L,http://i5.pdim.gs/aedfbd652026aff0c961d8b32b57179b.jpeg,0.2,9
10015_1482920157,1482930526,176572,1213332,896511414,53466914,梦终结L,http://i5.pdim.gs/aedfbd652026aff0c961d8b32b57179b.jpeg,0.2,10
10015_1482920157,1482930841,181456,1213331,896516514,3842244,林小弟,http://i3.pdim.gs/t01a02889b0c646b34d.jpg,5.0,1
10015_1482920157,1482930841,181456,1213331,896516514,3842244,林小弟,http://i3.pdim.gs/t01a02889b0c646b34d.jpg,5.0,2
10015_1482920157,1482930841,181456,1213331,896516514,3842244,林小弟,http://i3.pdim.gs/t01a02889b0c646b34d.jpg,5.0,3
10015_1482920157,1482930841,181215,1213333,896516714,3842244,林小弟,http://i3.pdim.gs/t01a02889b0c646b34d.jpg,5.0,4
10015_1482920157,1482930841,181215,1213333,896516714,3842244,林小弟,http://i3.pdim.gs/t01a02889b0c646b34d.jpg,5.0,5
10015_1482920157,1482930841,181215,1213333,896516714,3842244,林小弟,http://i3.pdim.gs/t01a02889b0c646b34d.jpg,5.0,6
10015_1482920157,1482930871,181215,1213333,896516714,3588594,Dear丶允儿,http://i5.pdim.gs/3ac12cc17d79ba71b2473bb0e5f39823.jpg,0.0,
10015_1482920157,1482930872,183191,1213333,896529614,3588594,Dear丶允儿,http://i5.pdim.gs/3ac12cc17d79ba71b2473bb0e5f39823.jpg,0.0,
10015_1482920157,1482930874,183191,1213333,896529614,3588594,Dear丶允儿,http://i5.pdim.gs/3ac12cc17d79ba71b2473bb0e5f39823.jpg,0.0,
10015_1482920157,1482930882,183191,1213333,896529614,3080990,超级小彬,http://i0.pdim.gs/t0195af30e3e17dfa68.jpg,0.2,1
10015_1482920157,1482930882,183191,1213333,896529614,3080990,超级小彬,http://i0.pdim.gs/t0195af30e3e17dfa68.jpg,0.2,2
10015_1482920157,1482930883,183191,1213333,896529614,3080990,超级小彬,http://i0.pdim.gs/t0195af30e3e17dfa68.jpg,0.2,3
10015_1482920157,1482930883,183191,1213333,896529614,3080990,超级小彬,http://i0.pdim.gs/t0195af30e3e17dfa68.jpg,0.2,4
10015_1482920157,1482930884,183191,1213333,896529614,3080990,超级小彬,http://i0.pdim.gs/t0195af30e3e17dfa68.jpg,0.2,5
10015_1482920157,1482930891,183191,1213333,896529614,58644726,云汉丶,http://i7.pdim.gs/0257040380bd7d294a8017532c07e39b.jpg,0.2,1
10015_1482920157,1482930891,183191,1213333,896529614,58644726,云汉丶,http://i7.pdim.gs/0257040380bd7d294a8017532c07e39b.jpg,0.2,2
10015_1482920157,1482930892,183191,1213333,896529614,58644726,云汉丶,http://i7.pdim.gs/0257040380bd7d294a8017532c07e39b.jpg,0.2,3
10015_1482920157,1482930892,183191,1213333,896529614,58644726,云汉丶,http://i7.pdim.gs/0257040380bd7d294a8017532c07e39b.jpg,0.2,4
10015_1482920157,1482930892,183191,1213333,896529614,58644726,云汉丶,http://i7.pdim.gs/0257040380bd7d294a8017532c07e39b.jpg,0.2,5
10015_1482920157,1482930893,183191,1213333,896529614,58644726,云汉丶,http://i7.pdim.gs/0257040380bd7d294a8017532c07e39b.jpg,0.2,6
10015_1482920157,1482930937,181943,1213333,896534434,20567276,Yorklen,http://i5.pdim.gs/e4e2dce880b29c1a66b6261a8d2650a9.jpg,0.2,1
10015_1482920157,1482931133,190659,1213333,896540034,6957086,Pugss丶西瓜,http://i1.pdim.gs/t018aed9669de273f6b.jpg,5.0,2
10015_1482920157,1482931132,190659,1213333,896540034,6957086,Pugss丶西瓜,http://i1.pdim.gs/t018aed9669de273f6b.jpg,5.0,1
10015_1482920157,1482931133,190659,1213333,896540034,6957086,Pugss丶西瓜,http://i1.pdim.gs/t018aed9669de273f6b.jpg,5.0,3
10015_1482920157,1482931133,190659,1213333,896540034,6957086,Pugss丶西瓜,http://i1.pdim.gs/t018aed9669de273f6b.jpg,5.0,4
10015_1482920157,1482931194,191821,1213335,896541834,3232442,旧枯叶,http://i4.pdim.gs/t01236c402d6c13e332.jpg,0.2,1
10015_1482920157,1482931194,191821,1213335,896541834,3232442,旧枯叶,http://i4.pdim.gs/t01236c402d6c13e332.jpg,0.2,2
10015_1482920157,1482931195,191821,1213335,896541834,3232442,旧枯叶,http://i4.pdim.gs/t01236c402d6c13e332.jpg,0.2,3
10015_1482920157,1482931195,191821,1213335,896541834,3232442,旧枯叶,http://i4.pdim.gs/t01236c402d6c13e332.jpg,0.2,4
10015_1482920157,1482931196,191821,1213335,896541834,3232442,旧枯叶,http://i4.pdim.gs/t01236c402d6c13e332.jpg,0.2,5
10015_1482920157,1482931197,191821,1213335,896541834,3232442,旧枯叶,http://i4.pdim.gs/t01236c402d6c13e332.jpg,0.2,6
10015_1482920157,1482931197,191821,1213335,896541834,3232442,旧枯叶,http://i4.pdim.gs/t01236c402d6c13e332.jpg,0.2,7
10015_1482920157,1482931198,191821,1213335,896541834,3232442,旧枯叶,http://i4.pdim.gs/t01236c402d6c13e332.jpg,0.2,8
10015_1482920157,1482931198,191821,1213335,896541834,3232442,旧枯叶,http://i4.pdim.gs/t01236c402d6c13e332.jpg,0.2,9
10015_1482920157,1482931199,191821,1213335,896541834,3232442,旧枯叶,http://i4.pdim.gs/t01236c402d6c13e332.jpg,0.2,10
10015_1482920157,1482931245,192522,1213339,896544534,3331496,Leonnnn,http://i2.pdim.gs/t0122c6be20906b7868.png,5.0,1
10015_1482920157,1482931309,192522,1213342,896546234,3331496,Leonnnn,http://i2.pdim.gs/t0122c6be20906b7868.png,5.0,2
10015_1482920157,1482931840,241091,1213365,896561734,31187406,脑门保护协会,http://i7.pdim.gs/f40025fce4ec86c6fb9d2fbb44fae7fa.jpeg,5.0,1
10015_1482920157,1482931852,241091,1213365,896561734,3478288,嘘嘘嘘徐徐,http://i4.pdim.gs/t017b0d72adeb25c5c5.jpg,0.0,
10015_1482920157,1482931852,241091,1213365,896561734,3478288,嘘嘘嘘徐徐,http://i4.pdim.gs/t017b0d72adeb25c5c5.jpg,0.0,
10015_1482920157,1482931854,241091,1213365,896561734,3478288,嘘嘘嘘徐徐,http://i4.pdim.gs/t017b0d72adeb25c5c5.jpg,0.0,
10015_1482920157,1482932084,256523,1213378,896571834,7471498,零点丶李嘉图,http://i7.pdim.gs/d98796e8904762c27903049badf48582.jpeg,0.0,
10015_1482920157,1482932085,256523,1213378,896571834,7471498,零点丶李嘉图,http://i7.pdim.gs/d98796e8904762c27903049badf48582.jpeg,0.0,
10015_1482920157,1482932085,256523,1213378,896571834,7471498,零点丶李嘉图,http://i7.pdim.gs/d98796e8904762c27903049badf48582.jpeg,0.0,
10015_1482920157,1482932089,256523,1213378,896571834,7471498,零点丶李嘉图,http://i7.pdim.gs/d98796e8904762c27903049badf48582.jpeg,0.0,
10015_1482920157,1482932089,256523,1213378,896571834,7471498,零点丶李嘉图,http://i7.pdim.gs/d98796e8904762c27903049badf48582.jpeg,0.0,
10015_1482920157,1482932089,256523,1213378,896571834,7471498,零点丶李嘉图,http://i7.pdim.gs/d98796e8904762c27903049badf48582.jpeg,0.0,
10015_1482920157,1482932089,256523,1213378,896571834,7471498,零点丶李嘉图,http://i7.pdim.gs/d98796e8904762c27903049badf48582.jpeg,0.0,
10015_1482920157,1482932138,257955,1213378,896572334,46051298,云啊四,http://i9.pdim.gs/62f2c7788ceea3363bb4d85dda22c1fe.jpeg,0.2,1
10015_1482920157,1482932138,257955,1213378,896572334,46051298,云啊四,http://i9.pdim.gs/62f2c7788ceea3363bb4d85dda22c1fe.jpeg,0.2,2
10015_1482920157,1482932139,257955,1213378,896572334,46051298,云啊四,http://i9.pdim.gs/62f2c7788ceea3363bb4d85dda22c1fe.jpeg,0.2,3
10015_1482920157,1482932139,257955,1213378,896572334,46051298,云啊四,http://i9.pdim.gs/62f2c7788ceea3363bb4d85dda22c1fe.jpeg,0.2,4
10015_1482920157,1482932139,257955,1213378,896572334,46051298,云啊四,http://i9.pdim.gs/62f2c7788ceea3363bb4d85dda22c1fe.jpeg,0.2,5
10015_1482920157,1482932139,257955,1213378,896572334,46051298,云啊四,http://i9.pdim.gs/62f2c7788ceea3363bb4d85dda22c1fe.jpeg,0.2,6
10015_1482920157,1482932139,257955,1213378,896572334,46051298,云啊四,http://i9.pdim.gs/62f2c7788ceea3363bb4d85dda22c1fe.jpeg,0.2,7
10015_1482920157,1482932139,257955,1213378,896572334,46051298,云啊四,http://i9.pdim.gs/62f2c7788ceea3363bb4d85dda22c1fe.jpeg,0.2,8
10015_1482920157,1482932139,257955,1213378,896572334,46051298,云啊四,http://i9.pdim.gs/62f2c7788ceea3363bb4d85dda22c1fe.jpeg,0.2,9
10015_1482920157,1482932140,257955,1213378,896572334,46051298,云啊四,http://i9.pdim.gs/62f2c7788ceea3363bb4d85dda22c1fe.jpeg,0.2,10
10015_1482920157,1482932140,257955,1213378,896572334,46051298,云啊四,http://i9.pdim.gs/62f2c7788ceea3363bb4d85dda22c1fe.jpeg,0.2,11
10015_1482920157,1482932140,257955,1213378,896572334,46051298,云啊四,http://i9.pdim.gs/62f2c7788ceea3363bb4d85dda22c1fe.jpeg,0.2,12
10015_1482920157,1482932140,257955,1213378,896572334,46051298,云啊四,http://i9.pdim.gs/62f2c7788ceea3363bb4d85dda22c1fe.jpeg,0.2,13
10015_1482920157,1482932140,257955,1213378,896572334,46051298,云啊四,http://i9.pdim.gs/62f2c7788ceea3363bb4d85dda22c1fe.jpeg,0.2,14
10015_1482920157,1482932140,257955,1213378,896572334,46051298,云啊四,http://i9.pdim.gs/62f2c7788ceea3363bb4d85dda22c1fe.jpeg,0.2,15
10015_1482920157,1482932141,257955,1213378,896572334,46051298,云啊四,http://i9.pdim.gs/62f2c7788ceea3363bb4d85dda22c1fe.jpeg,0.2,16
10015_1482920157,1482932141,257955,1213378,896572334,46051298,云啊四,http://i9.pdim.gs/62f2c7788ceea3363bb4d85dda22c1fe.jpeg,0.2,17
10015_1482920157,1482932141,257955,1213378,896572334,46051298,云啊四,http://i9.pdim.gs/62f2c7788ceea3363bb4d85dda22c1fe.jpeg,0.2,18
10015_1482920157,1482932141,257955,1213378,896572334,46051298,云啊四,http://i9.pdim.gs/62f2c7788ceea3363bb4d85dda22c1fe.jpeg,0.2,19
10015_1482920157,1482932141,254963,1213380,896572434,46051298,云啊四,http://i9.pdim.gs/62f2c7788ceea3363bb4d85dda22c1fe.jpeg,0.2,20
10015_1482920157,1482932141,254963,1213380,896572434,46051298,云啊四,http://i9.pdim.gs/62f2c7788ceea3363bb4d85dda22c1fe.jpeg,0.2,21
10015_1482920157,1482932142,254963,1213380,896572434,46051298,云啊四,http://i9.pdim.gs/62f2c7788ceea3363bb4d85dda22c1fe.jpeg,0.2,22
10015_1482920157,1482932142,254963,1213380,896572434,46051298,云啊四,http://i9.pdim.gs/62f2c7788ceea3363bb4d85dda22c1fe.jpeg,0.2,23
10015_1482920157,1482932142,254963,1213380,896572434,46051298,云啊四,http://i9.pdim.gs/62f2c7788ceea3363bb4d85dda22c1fe.jpeg,0.2,24
10015_1482920157,1482932142,254963,1213380,896572434,46051298,云啊四,http://i9.pdim.gs/62f2c7788ceea3363bb4d85dda22c1fe.jpeg,0.2,25
10015_1482920157,1482932142,254963,1213380,896572434,46051298,云啊四,http://i9.pdim.gs/62f2c7788ceea3363bb4d85dda22c1fe.jpeg,0.2,26
10015_1482920157,1482932142,254963,1213380,896572434,46051298,云啊四,http://i9.pdim.gs/62f2c7788ceea3363bb4d85dda22c1fe.jpeg,0.2,27
10015_1482920157,1482932143,254963,1213380,896572434,46051298,云啊四,http://i9.pdim.gs/62f2c7788ceea3363bb4d85dda22c1fe.jpeg,0.2,28
10015_1482920157,1482932143,254963,1213380,896572434,46051298,云啊四,http://i9.pdim.gs/62f2c7788ceea3363bb4d85dda22c1fe.jpeg,0.2,29
10015_1482920157,1482932143,254963,1213380,896572434,46051298,云啊四,http://i9.pdim.gs/62f2c7788ceea3363bb4d85dda22c1fe.jpeg,0.2,30
10015_1482920157,1482932143,254963,1213380,896572434,46051298,云啊四,http://i9.pdim.gs/62f2c7788ceea3363bb4d85dda22c1fe.jpeg,0.2,31
10015_1482920157,1482932143,254963,1213380,896572434,46051298,云啊四,http://i9.pdim.gs/62f2c7788ceea3363bb4d85dda22c1fe.jpeg,0.2,32
10015_1482920157,1482932144,254963,1213380,896572434,46051298,云啊四,http://i9.pdim.gs/62f2c7788ceea3363bb4d85dda22c1fe.jpeg,0.2,33
10015_1482920157,1482932144,254963,1213380,896572434,46051298,云啊四,http://i9.pdim.gs/62f2c7788ceea3363bb4d85dda22c1fe.jpeg,0.2,34
10015_1482920157,1482932144,254963,1213380,896572434,46051298,云啊四,http://i9.pdim.gs/62f2c7788ceea3363bb4d85dda22c1fe.jpeg,0.2,35
10015_1482920157,1482932144,254963,1213380,896572434,46051298,云啊四,http://i9.pdim.gs/62f2c7788ceea3363bb4d85dda22c1fe.jpeg,0.2,36
10015_1482920157,1482932144,254963,1213380,896572434,46051298,云啊四,http://i9.pdim.gs/62f2c7788ceea3363bb4d85dda22c1fe.jpeg,0.2,37
10015_1482920157,1482932145,254963,1213380,896572434,46051298,云啊四,http://i9.pdim.gs/62f2c7788ceea3363bb4d85dda22c1fe.jpeg,0.2,42
10015_1482920157,1482932146,254963,1213380,896572434,46051298,云啊四,http://i9.pdim.gs/62f2c7788ceea3363bb4d85dda22c1fe.jpeg,0.2,43
10015_1482920157,1482932146,254963,1213380,896572434,46051298,云啊四,http://i9.pdim.gs/62f2c7788ceea3363bb4d85dda22c1fe.jpeg,0.2,44
10015_1482920157,1482932147,254963,1213380,896572434,46051298,云啊四,http://i9.pdim.gs/62f2c7788ceea3363bb4d85dda22c1fe.jpeg,0.2,45
10015_1482920157,1482932147,254963,1213380,896572434,46051298,云啊四,http://i9.pdim.gs/62f2c7788ceea3363bb4d85dda22c1fe.jpeg,0.2,46
10015_1482920157,1482932147,254963,1213380,896572434,46051298,云啊四,http://i9.pdim.gs/62f2c7788ceea3363bb4d85dda22c1fe.jpeg,0.2,47
10015_1482920157,1482932147,254963,1213380,896572434,46051298,云啊四,http://i9.pdim.gs/62f2c7788ceea3363bb4d85dda22c1fe.jpeg,0.2,48
10015_1482920157,1482932147,254963,1213380,896572434,46051298,云啊四,http://i9.pdim.gs/62f2c7788ceea3363bb4d85dda22c1fe.jpeg,0.2,49
10015_1482920157,1482932148,254963,1213380,896572434,46051298,云啊四,http://i9.pdim.gs/62f2c7788ceea3363bb4d85dda22c1fe.jpeg,0.2,50
10015_1482920157,1482932148,254963,1213380,896572434,46051298,云啊四,http://i9.pdim.gs/62f2c7788ceea3363bb4d85dda22c1fe.jpeg,0.2,51
10015_1482920157,1482932148,254963,1213380,896572434,46051298,云啊四,http://i9.pdim.gs/62f2c7788ceea3363bb4d85dda22c1fe.jpeg,0.2,52
10015_1482920157,1482932148,254963,1213380,896572434,46051298,云啊四,http://i9.pdim.gs/62f2c7788ceea3363bb4d85dda22c1fe.jpeg,0.2,53
10015_1482920157,1482932148,254963,1213380,896572434,46051298,云啊四,http://i9.pdim.gs/62f2c7788ceea3363bb4d85dda22c1fe.jpeg,0.2,54
10015_1482920157,1482932148,254963,1213380,896572434,46051298,云啊四,http://i9.pdim.gs/62f2c7788ceea3363bb4d85dda22c1fe.jpeg,0.2,55
10015_1482920157,1482932149,254963,1213380,896572434,46051298,云啊四,http://i9.pdim.gs/62f2c7788ceea3363bb4d85dda22c1fe.jpeg,0.2,56
10015_1482920157,1482932149,254963,1213380,896572434,46051298,云啊四,http://i9.pdim.gs/62f2c7788ceea3363bb4d85dda22c1fe.jpeg,0.2,57
10015_1482920157,1482932149,254963,1213380,896572434,46051298,云啊四,http://i9.pdim.gs/62f2c7788ceea3363bb4d85dda22c1fe.jpeg,0.2,58
10015_1482920157,1482932149,254963,1213380,896572434,46051298,云啊四,http://i9.pdim.gs/62f2c7788ceea3363bb4d85dda22c1fe.jpeg,0.2,59
10015_1482920157,1482932149,254963,1213380,896572434,46051298,云啊四,http://i9.pdim.gs/62f2c7788ceea3363bb4d85dda22c1fe.jpeg,0.2,60
10015_1482920157,1482932149,254963,1213380,896572434,46051298,云啊四,http://i9.pdim.gs/62f2c7788ceea3363bb4d85dda22c1fe.jpeg,0.2,61
10015_1482920157,1482932150,254963,1213380,896572434,46051298,云啊四,http://i9.pdim.gs/62f2c7788ceea3363bb4d85dda22c1fe.jpeg,0.2,62
10015_1482920157,1482932150,254963,1213380,896572434,46051298,云啊四,http://i9.pdim.gs/62f2c7788ceea3363bb4d85dda22c1fe.jpeg,0.2,63
10015_1482920157,1482932150,254963,1213380,896572434,46051298,云啊四,http://i9.pdim.gs/62f2c7788ceea3363bb4d85dda22c1fe.jpeg,0.2,64
10015_1482920157,1482932150,254963,1213380,896572434,46051298,云啊四,http://i9.pdim.gs/62f2c7788ceea3363bb4d85dda22c1fe.jpeg,0.2,65
10015_1482920157,1482932150,254963,1213380,896572434,46051298,云啊四,http://i9.pdim.gs/62f2c7788ceea3363bb4d85dda22c1fe.jpeg,0.2,66
10015_1482920157,1482932150,254963,1213380,896572434,46051298,云啊四,http://i9.pdim.gs/62f2c7788ceea3363bb4d85dda22c1fe.jpeg,0.2,67
10015_1482920157,1482932151,254963,1213380,896572434,46051298,云啊四,http://i9.pdim.gs/62f2c7788ceea3363bb4d85dda22c1fe.jpeg,0.2,68
10015_1482920157,1482932151,254963,1213380,896572434,46051298,云啊四,http://i9.pdim.gs/62f2c7788ceea3363bb4d85dda22c1fe.jpeg,0.2,69
10015_1482920157,1482932151,254963,1213380,896572434,46051298,云啊四,http://i9.pdim.gs/62f2c7788ceea3363bb4d85dda22c1fe.jpeg,0.2,70
10015_1482920157,1482932151,254963,1213380,896572434,46051298,云啊四,http://i9.pdim.gs/62f2c7788ceea3363bb4d85dda22c1fe.jpeg,0.2,71
10015_1482920157,1482932151,254963,1213380,896572434,46051298,云啊四,http://i9.pdim.gs/62f2c7788ceea3363bb4d85dda22c1fe.jpeg,0.2,72
10015_1482920157,1482932152,254963,1213380,896572434,46051298,云啊四,http://i9.pdim.gs/62f2c7788ceea3363bb4d85dda22c1fe.jpeg,0.2,73
10015_1482920157,1482932152,254963,1213380,896572434,46051298,云啊四,http://i9.pdim.gs/62f2c7788ceea3363bb4d85dda22c1fe.jpeg,0.2,74
10015_1482920157,1482932152,254963,1213380,896572434,46051298,云啊四,http://i9.pdim.gs/62f2c7788ceea3363bb4d85dda22c1fe.jpeg,0.2,75
10015_1482920157,1482932152,254963,1213380,896572434,46051298,云啊四,http://i9.pdim.gs/62f2c7788ceea3363bb4d85dda22c1fe.jpeg,0.2,76
10015_1482920157,1482932152,254963,1213380,896572434,46051298,云啊四,http://i9.pdim.gs/62f2c7788ceea3363bb4d85dda22c1fe.jpeg,0.2,77
10015_1482920157,1482932236,255433,1213381,896573434,3612028,MK42,http://i2.pdim.gs/t01b2ffab702305c567.jpg,0.0,
10015_1482920157,1482932236,255433,1213381,896573434,3612028,MK42,http://i2.pdim.gs/t01b2ffab702305c567.jpg,0.0,
10015_1482920157,1482932237,255433,1213381,896573434,3612028,MK42,http://i2.pdim.gs/t01b2ffab702305c567.jpg,0.0,
10015_1482920157,1482932237,255433,1213381,896573434,3612028,MK42,http://i2.pdim.gs/t01b2ffab702305c567.jpg,0.0,
10015_1482920157,1482932238,255433,1213381,896573434,3612028,MK42,http://i2.pdim.gs/t01b2ffab702305c567.jpg,0.0,
10015_1482920157,1482932560,257103,1213396,896588534,58644726,云汉丶,http://i7.pdim.gs/0257040380bd7d294a8017532c07e39b.jpg,5.0,1
10015_1482920157,1482932646,261078,1213395,896591634,26841024,孙沐苏,http://i7.pdim.gs/0257040380bd7d294a8017532c07e39b.jpg,5.0,1
10015_1482920157,1482932648,261078,1213395,896591634,26841024,孙沐苏,http://i7.pdim.gs/0257040380bd7d294a8017532c07e39b.jpg,5.0,2
10015_1482920157,1482932685,263605,1213397,896592734,23637046,johnnyfanqy,http://i2.pdim.gs/t01d2a586f6eebf3b74.jpg,0.2,1
10015_1482920157,1482932689,264006,1213399,896593734,24247506,风之飘麟,http://i4.pdim.gs/t01b5de0d18ed8cd1fb.jpg,5.0,1
10015_1482920157,1482932694,264006,1213399,896593734,24247506,风之飘麟,http://i4.pdim.gs/t01b5de0d18ed8cd1fb.jpg,5.0,2
10015_1482920157,1482932725,264037,1213400,896597554,5021526,伯纳乌11,http://i5.pdim.gs/8a89a80cd7c417419ea5e3f997ac5a67.jpg,0.2,1
10015_1482920157,1482932726,264037,1213400,896597554,5021526,伯纳乌11,http://i5.pdim.gs/8a89a80cd7c417419ea5e3f997ac5a67.jpg,0.2,2
10015_1482920157,1482932726,264037,1213400,896597554,5021526,伯纳乌11,http://i5.pdim.gs/8a89a80cd7c417419ea5e3f997ac5a67.jpg,0.2,3
10015_1482920157,1482932726,264037,1213400,896597554,5021526,伯纳乌11,http://i5.pdim.gs/8a89a80cd7c417419ea5e3f997ac5a67.jpg,0.2,4
10015_1482920157,1482932726,264037,1213400,896597554,5021526,伯纳乌11,http://i5.pdim.gs/8a89a80cd7c417419ea5e3f997ac5a67.jpg,0.2,5
10015_1482920157,1482932727,264037,1213400,896597554,5021526,伯纳乌11,http://i5.pdim.gs/8a89a80cd7c417419ea5e3f997ac5a67.jpg,0.2,6
10015_1482920157,1482932732,264037,1213400,896597554,3560960,Sepppp上海巴子,http://i6.pdim.gs/8441554e566e94a4358781a27d448388.jpeg,5.0,1
10015_1482920157,1482932732,264037,1213400,896597554,3560960,Sepppp上海巴子,http://i6.pdim.gs/8441554e566e94a4358781a27d448388.jpeg,5.0,2
10015_1482920157,1482932732,264037,1213400,896597554,3560960,Sepppp上海巴子,http://i6.pdim.gs/8441554e566e94a4358781a27d448388.jpeg,5.0,3
10015_1482920157,1482932733,264037,1213400,896597554,3560960,Sepppp上海巴子,http://i6.pdim.gs/8441554e566e94a4358781a27d448388.jpeg,5.0,4
10015_1482920157,1482932733,264037,1213400,896597554,3560960,Sepppp上海巴子,http://i6.pdim.gs/8441554e566e94a4358781a27d448388.jpeg,5.0,5
10015_1482920157,1482932734,264037,1213400,896597554,3560960,Sepppp上海巴子,http://i6.pdim.gs/8441554e566e94a4358781a27d448388.jpeg,5.0,7
10015_1482920157,1482932734,264037,1213400,896597554,3560960,Sepppp上海巴子,http://i6.pdim.gs/8441554e566e94a4358781a27d448388.jpeg,5.0,8
10015_1482920157,1482932736,264037,1213400,896597554,3560960,Sepppp上海巴子,http://i6.pdim.gs/8441554e566e94a4358781a27d448388.jpeg,5.0,10
10015_1482920157,1482932736,264037,1213400,896597554,3560960,Sepppp上海巴子,http://i6.pdim.gs/8441554e566e94a4358781a27d448388.jpeg,5.0,11
10015_1482920157,1482932739,264037,1213400,896597554,3560960,Sepppp上海巴子,http://i6.pdim.gs/8441554e566e94a4358781a27d448388.jpeg,5.0,12
10015_1482920157,1482932741,264037,1213400,896597554,3560960,Sepppp上海巴子,http://i6.pdim.gs/8441554e566e94a4358781a27d448388.jpeg,5.0,13
10015_1482920157,1482932741,264037,1213400,896597554,5021526,伯纳乌11,http://i5.pdim.gs/8a89a80cd7c417419ea5e3f997ac5a67.jpg,0.2,7
10015_1482920157,1482932741,264037,1213400,896597554,5021526,伯纳乌11,http://i5.pdim.gs/8a89a80cd7c417419ea5e3f997ac5a67.jpg,0.2,8
10015_1482920157,1482932742,264037,1213400,896597554,3560960,Sepppp上海巴子,http://i6.pdim.gs/8441554e566e94a4358781a27d448388.jpeg,5.0,14
10015_1482920157,1482932743,264037,1213400,896597554,5021526,伯纳乌11,http://i5.pdim.gs/8a89a80cd7c417419ea5e3f997ac5a67.jpg,0.2,9
10015_1482920157,1482932743,264037,1213400,896597554,3560960,Sepppp上海巴子,http://i6.pdim.gs/8441554e566e94a4358781a27d448388.jpeg,5.0,15
10015_1482920157,1482932743,264037,1213400,896597554,5021526,伯纳乌11,http://i5.pdim.gs/8a89a80cd7c417419ea5e3f997ac5a67.jpg,0.2,10
10015_1482920157,1482932744,264037,1213400,896597554,5021526,伯纳乌11,http://i5.pdim.gs/8a89a80cd7c417419ea5e3f997ac5a67.jpg,0.2,11
10015_1482920157,1482932750,264214,1213406,896600654,58644726,云汉丶,http://i7.pdim.gs/0257040380bd7d294a8017532c07e39b.jpg,0.2,1
10015_1482920157,1482932753,264214,1213406,896600654,58644726,云汉丶,http://i7.pdim.gs/0257040380bd7d294a8017532c07e39b.jpg,0.2,1
10015_1482920157,1482932753,264214,1213406,896600654,58644726,云汉丶,http://i7.pdim.gs/0257040380bd7d294a8017532c07e39b.jpg,0.2,1
10015_1482920157,1482932754,264214,1213406,896600654,58644726,云汉丶,http://i7.pdim.gs/0257040380bd7d294a8017532c07e39b.jpg,0.2,2
10015_1482920157,1482932913,243829,1213425,896614434,4469110,请叫我外号,http://i8.pdim.gs/ed96fbca91edca71f88fab88d7e2d855.jpeg,0.2,2
10015_1482920157,1482932913,243829,1213425,896614434,4469110,请叫我外号,http://i8.pdim.gs/ed96fbca91edca71f88fab88d7e2d855.jpeg,0.2,1
10015_1482920157,1482932913,243829,1213425,896614434,4469110,请叫我外号,http://i8.pdim.gs/ed96fbca91edca71f88fab88d7e2d855.jpeg,0.2,3
10015_1482920157,1482932914,243829,1213425,896614434,4469110,请叫我外号,http://i8.pdim.gs/ed96fbca91edca71f88fab88d7e2d855.jpeg,0.2,4
10015_1482920157,1482932914,243829,1213425,896614434,4469110,请叫我外号,http://i8.pdim.gs/ed96fbca91edca71f88fab88d7e2d855.jpeg,0.2,5
10015_1482920157,1482932914,243829,1213425,896614434,4469110,请叫我外号,http://i8.pdim.gs/ed96fbca91edca71f88fab88d7e2d855.jpeg,0.2,6
10015_1482920157,1482932915,243829,1213425,896614434,4469110,请叫我外号,http://i8.pdim.gs/ed96fbca91edca71f88fab88d7e2d855.jpeg,0.2,7
10015_1482920157,1482932915,243829,1213425,896614434,4469110,请叫我外号,http://i8.pdim.gs/ed96fbca91edca71f88fab88d7e2d855.jpeg,0.2,8
10015_1482920157,1482932916,243829,1213425,896614434,4469110,请叫我外号,http://i8.pdim.gs/ed96fbca91edca71f88fab88d7e2d855.jpeg,0.2,9
10015_1482920157,1482932916,243829,1213425,896614434,4469110,请叫我外号,http://i8.pdim.gs/ed96fbca91edca71f88fab88d7e2d855.jpeg,0.2,10
10015_1482920157,1482932921,243829,1213425,896614434,4469110,请叫我外号,http://i8.pdim.gs/ed96fbca91edca71f88fab88d7e2d855.jpeg,0.2,11
10015_1482920157,1482932921,243829,1213425,896614434,4469110,请叫我外号,http://i8.pdim.gs/ed96fbca91edca71f88fab88d7e2d855.jpeg,0.2,12
10015_1482920157,1482932922,243829,1213425,896614434,4469110,请叫我外号,http://i8.pdim.gs/ed96fbca91edca71f88fab88d7e2d855.jpeg,0.2,13
10015_1482920157,1482932922,243829,1213425,896614434,4469110,请叫我外号,http://i8.pdim.gs/ed96fbca91edca71f88fab88d7e2d855.jpeg,0.2,14
10015_1482920157,1482932922,243829,1213425,896614434,4469110,请叫我外号,http://i8.pdim.gs/ed96fbca91edca71f88fab88d7e2d855.jpeg,0.2,15
10015_1482920157,1482932922,243829,1213425,896614434,4469110,请叫我外号,http://i8.pdim.gs/ed96fbca91edca71f88fab88d7e2d855.jpeg,0.2,16
10015_1482920157,1482932923,243829,1213425,896614434,4469110,请叫我外号,http://i8.pdim.gs/ed96fbca91edca71f88fab88d7e2d855.jpeg,0.2,17
10015_1482920157,1482932923,243829,1213425,896614434,4469110,请叫我外号,http://i8.pdim.gs/ed96fbca91edca71f88fab88d7e2d855.jpeg,0.2,18
10015_1482920157,1482932924,243829,1213425,896614434,4469110,请叫我外号,http://i8.pdim.gs/ed96fbca91edca71f88fab88d7e2d855.jpeg,0.2,19
10015_1482920157,1482932924,243829,1213425,896614434,4469110,请叫我外号,http://i8.pdim.gs/ed96fbca91edca71f88fab88d7e2d855.jpeg,0.2,20
10015_1482920157,1482932931,243829,1213426,896614534,4469110,请叫我外号,http://i8.pdim.gs/ed96fbca91edca71f88fab88d7e2d855.jpeg,0.2,22
10015_1482920157,1482932931,243829,1213426,896614534,4469110,请叫我外号,http://i8.pdim.gs/ed96fbca91edca71f88fab88d7e2d855.jpeg,0.2,21
10015_1482920157,1482932985,241258,1213426,896615134,3609618,淡淡DE思恋,http://i4.pdim.gs/t0128f1c04abd1bcc41.jpg,0.0,
10015_1482920157,1482933041,235641,1213428,896615534,6243038,sunflove,http://i7.pdim.gs/0257040380bd7d294a8017532c07e39b.jpg,0.2,1
10015_1482920157,1482933093,234590,1213430,896628674,34382518,爱我不太难,http://i7.pdim.gs/463dd585aeca921e97316d2e0c9d7d9a.png,0.2,1
10015_1482920157,1482933095,234590,1213430,896628674,34382518,爱我不太难,http://i7.pdim.gs/463dd585aeca921e97316d2e0c9d7d9a.png,0.2,2
10015_1482920157,1482933096,234590,1213430,896628674,34382518,爱我不太难,http://i7.pdim.gs/463dd585aeca921e97316d2e0c9d7d9a.png,0.2,3
10015_1482920157,1482933325,232089,1213437,896647434,38387134,菜瓜混子云,http://i7.pdim.gs/0257040380bd7d294a8017532c07e39b.jpg,0.2,2
10015_1482920157,1482933325,232089,1213437,896647434,38387134,菜瓜混子云,http://i7.pdim.gs/0257040380bd7d294a8017532c07e39b.jpg,0.2,3
10015_1482920157,1482933326,232089,1213437,896647434,38387134,菜瓜混子云,http://i7.pdim.gs/0257040380bd7d294a8017532c07e39b.jpg,0.2,4
10015_1482920157,1482933326,232089,1213437,896647434,38387134,菜瓜混子云,http://i7.pdim.gs/0257040380bd7d294a8017532c07e39b.jpg,0.2,5
10015_1482920157,1482933338,232089,1213437,896647434,38387134,菜瓜混子云,http://i7.pdim.gs/0257040380bd7d294a8017532c07e39b.jpg,0.2,6
10015_1482920157,1482933339,232089,1213437,896647434,38387134,菜瓜混子云,http://i7.pdim.gs/0257040380bd7d294a8017532c07e39b.jpg,0.2,7
10015_1482920157,1482933339,232089,1213437,896647434,38387134,菜瓜混子云,http://i7.pdim.gs/0257040380bd7d294a8017532c07e39b.jpg,0.2,8
10015_1482920157,1482933339,232089,1213437,896647434,38387134,菜瓜混子云,http://i7.pdim.gs/0257040380bd7d294a8017532c07e39b.jpg,0.2,9
10015_1482920157,1482933339,232089,1213437,896647434,38387134,菜瓜混子云,http://i7.pdim.gs/0257040380bd7d294a8017532c07e39b.jpg,0.2,10
10015_1482920157,1482933340,232089,1213437,896647434,38387134,菜瓜混子云,http://i7.pdim.gs/0257040380bd7d294a8017532c07e39b.jpg,0.2,11
10015_1482920157,1482933343,232089,1213437,896647434,38387134,菜瓜混子云,http://i7.pdim.gs/0257040380bd7d294a8017532c07e39b.jpg,0.2,12
10015_1482920157,1482933344,232089,1213437,896647434,38387134,菜瓜混子云,http://i7.pdim.gs/0257040380bd7d294a8017532c07e39b.jpg,0.2,13
10015_1482920157,1482933345,232089,1213437,896647434,38387134,菜瓜混子云,http://i7.pdim.gs/0257040380bd7d294a8017532c07e39b.jpg,0.2,14
10015_1482920157,1482933346,232089,1213437,896647434,38387134,菜瓜混子云,http://i7.pdim.gs/0257040380bd7d294a8017532c07e39b.jpg,0.2,15
10015_1482920157,1482933441,236045,1213439,896647834,31187406,脑门保护协会,http://i7.pdim.gs/f40025fce4ec86c6fb9d2fbb44fae7fa.jpeg,0.2,1
10015_1482920157,1482933442,236045,1213439,896647834,31187406,脑门保护协会,http://i7.pdim.gs/f40025fce4ec86c6fb9d2fbb44fae7fa.jpeg,0.2,2
10015_1482920157,1482933442,236045,1213439,896647834,31187406,脑门保护协会,http://i7.pdim.gs/f40025fce4ec86c6fb9d2fbb44fae7fa.jpeg,0.2,3
10015_1482920157,1482933443,236045,1213439,896647834,31187406,脑门保护协会,http://i7.pdim.gs/f40025fce4ec86c6fb9d2fbb44fae7fa.jpeg,0.2,4
10015_1482920157,1482933490,263267,1213445,896650254,4602700,南条爱乃的FF14,http://i0.pdim.gs/t015adcfc046a27a0e6.jpg,0.2,1
10015_1482920157,1482933490,263267,1213445,896650254,4602700,南条爱乃的FF14,http://i0.pdim.gs/t015adcfc046a27a0e6.jpg,0.2,2
10015_1482920157,1482933491,263267,1213445,896650254,4602700,南条爱乃的FF14,http://i0.pdim.gs/t015adcfc046a27a0e6.jpg,0.2,3
10015_1482920157,1482933492,263267,1213445,896650254,4602700,南条爱乃的FF14,http://i0.pdim.gs/t015adcfc046a27a0e6.jpg,0.2,4
10015_1482920157,1482933493,263267,1213445,896650254,4602700,南条爱乃的FF14,http://i0.pdim.gs/t015adcfc046a27a0e6.jpg,0.2,5
10015_1482920157,1482933493,263267,1213445,896650254,4602700,南条爱乃的FF14,http://i0.pdim.gs/t015adcfc046a27a0e6.jpg,0.2,6
10015_1482920157,1482933494,263267,1213445,896650254,4602700,南条爱乃的FF14,http://i0.pdim.gs/t015adcfc046a27a0e6.jpg,0.2,7
10015_1482920157,1482933495,263267,1213445,896650254,4602700,南条爱乃的FF14,http://i0.pdim.gs/t015adcfc046a27a0e6.jpg,0.2,8
10015_1482920157,1482933496,263267,1213445,896650254,4602700,南条爱乃的FF14,http://i0.pdim.gs/t015adcfc046a27a0e6.jpg,0.2,9
10015_1482920157,1482933497,263267,1213445,896650254,4602700,南条爱乃的FF14,http://i0.pdim.gs/t015adcfc046a27a0e6.jpg,0.2,10
10015_1482920157,1482933616,258089,1213454,896658014,7941490,风行者爱生活,http://i7.pdim.gs/0257040380bd7d294a8017532c07e39b.jpg,0.0,
10015_1482920157,1482933618,258089,1213454,896658014,36789908,Sharjah,http://i9.pdim.gs/389b481c67db115f4d48704e3ee8e41c.jpg,0.2,1
10015_1482920157,1482933624,258089,1213454,896658014,5443692,未闻花茗忄,http://i7.pdim.gs/0f6c84f0b07af6853bb697d4555399c4.png,0.2,2
10015_1482920157,1482933626,258089,1213454,896658014,5443692,未闻花茗忄,http://i7.pdim.gs/0f6c84f0b07af6853bb697d4555399c4.png,0.2,4
10015_1482920157,1482933627,258089,1213454,896658014,5443692,未闻花茗忄,http://i7.pdim.gs/0f6c84f0b07af6853bb697d4555399c4.png,0.2,5
10015_1482920157,1482933694,244261,1213501,896662374,57995732,掏的快,http://i5.pdim.gs/6ad81f8244efdc3123d843880847a9e5.jpeg,0.2,99
10015_1482920157,1482933770,269181,1213520,896662674,35184646,闲云遮月,http://i5.pdim.gs/a6feac33e73be171cd9196220489f772.jpg,0.2,99
10015_1482920157,1482933776,269181,1213520,896662674,31187406,脑门保护协会,http://i7.pdim.gs/f40025fce4ec86c6fb9d2fbb44fae7fa.jpeg,0.2,1
10015_1482920157,1482933777,269181,1213520,896662674,31187406,脑门保护协会,http://i7.pdim.gs/f40025fce4ec86c6fb9d2fbb44fae7fa.jpeg,0.2,2
10015_1482920157,1482933778,269181,1213520,896662674,31187406,脑门保护协会,http://i7.pdim.gs/f40025fce4ec86c6fb9d2fbb44fae7fa.jpeg,0.2,3
10015_1482920157,1482933806,269186,1213526,896662674,3209932,酸蘿蔔別吃,http://i0.pdim.gs/t016f5cac8591e5c356.jpg,100.0,1
10015_1482920157,1482933893,274367,1213537,896679574,31574220,殇绘,http://i9.pdim.gs/8f3aa73bc10fba38e7c68b15d4d9004b.jpg,0.2,1
10015_1482920157,1482933894,274367,1213537,896679574,31574220,殇绘,http://i9.pdim.gs/8f3aa73bc10fba38e7c68b15d4d9004b.jpg,0.2,2
10015_1482920157,1482933899,274367,1213537,896679574,31574220,殇绘,http://i9.pdim.gs/8f3aa73bc10fba38e7c68b15d4d9004b.jpg,0.2,3
10015_1482920157,1482934008,267437,1213544,896682774,31574220,殇绘,http://i9.pdim.gs/8f3aa73bc10fba38e7c68b15d4d9004b.jpg,0.2,1
10015_1482920157,1482934888,265710,1213572,896715607,3069334,放肆疯,http://i0.pdim.gs/t018e8b7c531f8e0d6f.jpg,0.2,100
10015_1482920157,1482935045,260416,1213581,896724307,7566450,三亿少男的梦丶,http://i3.pdim.gs/t01e852b8073ca343ae.jpg,0.2,1
10015_1482920157,1482935045,260416,1213581,896724307,7566450,三亿少男的梦丶,http://i3.pdim.gs/t01e852b8073ca343ae.jpg,0.2,2
10015_1482920157,1482935046,260416,1213581,896724307,7566450,三亿少男的梦丶,http://i3.pdim.gs/t01e852b8073ca343ae.jpg,0.2,3
10015_1482920157,1482935047,260416,1213581,896724307,7566450,三亿少男的梦丶,http://i3.pdim.gs/t01e852b8073ca343ae.jpg,0.2,4
10015_1482920157,1482935047,260416,1213581,896724307,7566450,三亿少男的梦丶,http://i3.pdim.gs/t01e852b8073ca343ae.jpg,0.2,5
10015_1482920157,1482935106,257808,1213585,896728607,3971238,回头望1,http://i0.pdim.gs/t0143229d0384006751.jpg,5.0,1
10015_1482920157,1482935108,257808,1213585,896728607,4849984,天然好奇心,http://i5.pdim.gs/8485a32c5bb0fb17fe9fc5c1c620a122.png,0.0,
10015_1482920157,1482935108,257808,1213585,896728607,4849984,天然好奇心,http://i5.pdim.gs/8485a32c5bb0fb17fe9fc5c1c620a122.png,0.0,
10015_1482920157,1482935108,257808,1213585,896728607,4849984,天然好奇心,http://i5.pdim.gs/8485a32c5bb0fb17fe9fc5c1c620a122.png,0.0,
10015_1482920157,1482935109,257808,1213585,896728607,4849984,天然好奇心,http://i5.pdim.gs/8485a32c5bb0fb17fe9fc5c1c620a122.png,0.0,
10015_1482920157,1482935109,257808,1213585,896728607,4849984,天然好奇心,http://i5.pdim.gs/8485a32c5bb0fb17fe9fc5c1c620a122.png,0.0,
10015_1482920157,1482935109,257808,1213585,896728607,4849984,天然好奇心,http://i5.pdim.gs/8485a32c5bb0fb17fe9fc5c1c620a122.png,0.0,
10015_1482920157,1482935109,257808,1213585,896728607,4849984,天然好奇心,http://i5.pdim.gs/8485a32c5bb0fb17fe9fc5c1c620a122.png,0.0,
10015_1482920157,1482935110,257808,1213585,896728607,4849984,天然好奇心,http://i5.pdim.gs/8485a32c5bb0fb17fe9fc5c1c620a122.png,0.0,
10015_1482920157,1482935110,257808,1213585,896728607,4849984,天然好奇心,http://i5.pdim.gs/8485a32c5bb0fb17fe9fc5c1c620a122.png,0.0,
10015_1482920157,1482935110,257808,1213585,896728607,4849984,天然好奇心,http://i5.pdim.gs/8485a32c5bb0fb17fe9fc5c1c620a122.png,0.0,
10015_1482920157,1482935110,257808,1213585,896728607,4849984,天然好奇心,http://i5.pdim.gs/8485a32c5bb0fb17fe9fc5c1c620a122.png,0.0,
10015_1482920157,1482935110,257808,1213585,896728607,4849984,天然好奇心,http://i5.pdim.gs/8485a32c5bb0fb17fe9fc5c1c620a122.png,0.0,
10015_1482920157,1482935111,257808,1213585,896728607,4849984,天然好奇心,http://i5.pdim.gs/8485a32c5bb0fb17fe9fc5c1c620a122.png,0.0,
10015_1482920157,1482935111,257808,1213585,896728607,4849984,天然好奇心,http://i5.pdim.gs/8485a32c5bb0fb17fe9fc5c1c620a122.png,0.0,
10015_1482920157,1482935111,257808,1213585,896728607,4849984,天然好奇心,http://i5.pdim.gs/8485a32c5bb0fb17fe9fc5c1c620a122.png,0.0,
10015_1482920157,1482935111,257808,1213585,896728607,4849984,天然好奇心,http://i5.pdim.gs/8485a32c5bb0fb17fe9fc5c1c620a122.png,0.0,
10015_1482920157,1482935112,255229,1213589,896729607,4849984,天然好奇心,http://i5.pdim.gs/8485a32c5bb0fb17fe9fc5c1c620a122.png,0.0,
10015_1482920157,1482935112,255229,1213589,896729607,4849984,天然好奇心,http://i5.pdim.gs/8485a32c5bb0fb17fe9fc5c1c620a122.png,0.0,
10015_1482920157,1482935112,255229,1213589,896729607,4849984,天然好奇心,http://i5.pdim.gs/8485a32c5bb0fb17fe9fc5c1c620a122.png,0.0,
10015_1482920157,1482935112,255229,1213589,896729607,4849984,天然好奇心,http://i5.pdim.gs/8485a32c5bb0fb17fe9fc5c1c620a122.png,0.0,
10015_1482920157,1482935112,255229,1213589,896729607,4849984,天然好奇心,http://i5.pdim.gs/8485a32c5bb0fb17fe9fc5c1c620a122.png,0.0,
10015_1482920157,1482935113,255229,1213589,896729607,4849984,天然好奇心,http://i5.pdim.gs/8485a32c5bb0fb17fe9fc5c1c620a122.png,0.0,
10015_1482920157,1482935112,255229,1213589,896729607,4849984,天然好奇心,http://i5.pdim.gs/8485a32c5bb0fb17fe9fc5c1c620a122.png,0.0,
10015_1482920157,1482935113,255229,1213589,896729607,4849984,天然好奇心,http://i5.pdim.gs/8485a32c5bb0fb17fe9fc5c1c620a122.png,0.0,
10015_1482920157,1482935113,255229,1213589,896729607,4849984,天然好奇心,http://i5.pdim.gs/8485a32c5bb0fb17fe9fc5c1c620a122.png,0.0,
10015_1482920157,1482935113,255229,1213589,896729607,4849984,天然好奇心,http://i5.pdim.gs/8485a32c5bb0fb17fe9fc5c1c620a122.png,0.0,
10015_1482920157,1482935114,255229,1213589,896729607,4849984,天然好奇心,http://i5.pdim.gs/8485a32c5bb0fb17fe9fc5c1c620a122.png,0.0,
10015_1482920157,1482935114,255229,1213589,896729607,4849984,天然好奇心,http://i5.pdim.gs/8485a32c5bb0fb17fe9fc5c1c620a122.png,0.0,
10015_1482920157,1482935114,255229,1213589,896729607,4849984,天然好奇心,http://i5.pdim.gs/8485a32c5bb0fb17fe9fc5c1c620a122.png,0.0,
10015_1482920157,1482935114,255229,1213589,896729607,4849984,天然好奇心,http://i5.pdim.gs/8485a32c5bb0fb17fe9fc5c1c620a122.png,0.0,
10015_1482920157,1482935114,255229,1213589,896729607,4849984,天然好奇心,http://i5.pdim.gs/8485a32c5bb0fb17fe9fc5c1c620a122.png,0.0,
10015_1482920157,1482935115,255229,1213589,896729607,4849984,天然好奇心,http://i5.pdim.gs/8485a32c5bb0fb17fe9fc5c1c620a122.png,0.0,
10015_1482920157,1482936136,261798,1213609,896751880,3425738,浓丘,http://i6.pdim.gs/9454c2f7d2917e7c54292aea2f6cabb2.jpeg,5.0,2
10015_1482920157,1482936137,261798,1213609,896751880,3425738,浓丘,http://i6.pdim.gs/9454c2f7d2917e7c54292aea2f6cabb2.jpeg,5.0,1
10015_1482920157,1482936189,261798,1213610,896762780,3971238,回头望1,http://i0.pdim.gs/t0143229d0384006751.jpg,5.0,1
10015_1482920157,1482936199,261798,1213610,896762780,7566450,三亿少男的梦丶,http://i3.pdim.gs/t01e852b8073ca343ae.jpg,0.2,1
10015_1482920157,1482936199,261798,1213610,896762780,7566450,三亿少男的梦丶,http://i3.pdim.gs/t01e852b8073ca343ae.jpg,0.2,2
10015_1482920157,1482936200,261798,1213610,896762780,7566450,三亿少男的梦丶,http://i3.pdim.gs/t01e852b8073ca343ae.jpg,0.2,3
10015_1482920157,1482936200,261798,1213610,896762780,7566450,三亿少男的梦丶,http://i3.pdim.gs/t01e852b8073ca343ae.jpg,0.2,4
10015_1482920157,1482936201,261798,1213610,896762780,7566450,三亿少男的梦丶,http://i3.pdim.gs/t01e852b8073ca343ae.jpg,0.2,5
10015_1482920157,1482936201,261798,1213610,896762780,7566450,三亿少男的梦丶,http://i3.pdim.gs/t01e852b8073ca343ae.jpg,0.2,6
10015_1482920157,1482936203,261798,1213610,896762780,7566450,三亿少男的梦丶,http://i3.pdim.gs/t01e852b8073ca343ae.jpg,0.2,7
10015_1482920157,1482936208,261798,1213610,896762780,7566450,三亿少男的梦丶,http://i3.pdim.gs/t01e852b8073ca343ae.jpg,0.2,9
10015_1482920157,1482936213,261798,1213612,896771580,7566450,三亿少男的梦丶,http://i3.pdim.gs/t01e852b8073ca343ae.jpg,0.2,1
10015_1482920157,1482936213,261798,1213612,896771580,7566450,三亿少男的梦丶,http://i3.pdim.gs/t01e852b8073ca343ae.jpg,0.2,2
10015_1482920157,1482936214,261798,1213612,896771580,7566450,三亿少男的梦丶,http://i3.pdim.gs/t01e852b8073ca343ae.jpg,0.2,4
10015_1482920157,1482936216,261798,1213612,896771580,7566450,三亿少男的梦丶,http://i3.pdim.gs/t01e852b8073ca343ae.jpg,0.2,10
10015_1482920157,1482936217,261798,1213612,896771580,7566450,三亿少男的梦丶,http://i3.pdim.gs/t01e852b8073ca343ae.jpg,0.2,11
10015_1482920157,1482936217,261798,1213612,896771580,7566450,三亿少男的梦丶,http://i3.pdim.gs/t01e852b8073ca343ae.jpg,0.2,12
10015_1482920157,1482936351,242010,1213612,896779620,62566714,红尘乐乐,http://i7.pdim.gs/0257040380bd7d294a8017532c07e39b.jpg,0.2,1
10015_1482920157,1482936352,242010,1213612,896779620,62566714,红尘乐乐,http://i7.pdim.gs/0257040380bd7d294a8017532c07e39b.jpg,0.2,2
10015_1482920157,1482936352,242010,1213612,896779620,62566714,红尘乐乐,http://i7.pdim.gs/0257040380bd7d294a8017532c07e39b.jpg,0.2,3
10015_1482920157,1482936353,242010,1213612,896779620,62566714,红尘乐乐,http://i7.pdim.gs/0257040380bd7d294a8017532c07e39b.jpg,0.2,4
10015_1482920157,1482936353,242010,1213612,896779620,62566714,红尘乐乐,http://i7.pdim.gs/0257040380bd7d294a8017532c07e39b.jpg,0.2,5
10015_1482920157,1482936535,230484,1213619,896780620,27624934,一个非常厉害的人,http://i5.pdim.gs/af336f550001a8be39c5d34dc5ac2d44.jpg,0.2,1
10015_1482920157,1482936538,230484,1213619,896780620,27624934,一个非常厉害的人,http://i5.pdim.gs/af336f550001a8be39c5d34dc5ac2d44.jpg,0.2,2
10015_1482920157,1482936539,230484,1213619,896780620,3271810,丿没事放放牛,http://i5.pdim.gs/d9369dbb54564d44d9daac1a943b3afb.jpeg,100.0,1
10015_1482920157,1482936539,230484,1213619,896780620,3271810,丿没事放放牛,http://i5.pdim.gs/d9369dbb54564d44d9daac1a943b3afb.jpeg,1000.0,1
10015_1482920157,1482936539,230484,1213619,896780620,3271810,丿没事放放牛,http://i5.pdim.gs/d9369dbb54564d44d9daac1a943b3afb.jpeg,100.0,3
10015_1482920157,1482936540,230484,1213619,896780620,3271810,丿没事放放牛,http://i5.pdim.gs/d9369dbb54564d44d9daac1a943b3afb.jpeg,0.2,1
10015_1482920157,1482936540,230484,1213619,896780620,3271810,丿没事放放牛,http://i5.pdim.gs/d9369dbb54564d44d9daac1a943b3afb.jpeg,0.2,3
10015_1482920157,1482936540,230484,1213619,896780620,27624934,一个非常厉害的人,http://i5.pdim.gs/af336f550001a8be39c5d34dc5ac2d44.jpg,0.2,3
10015_1482920157,1482936540,230484,1213619,896780620,3271810,丿没事放放牛,http://i5.pdim.gs/d9369dbb54564d44d9daac1a943b3afb.jpeg,5.0,1
10015_1482920157,1482936541,230484,1213619,896780620,27624934,一个非常厉害的人,http://i5.pdim.gs/af336f550001a8be39c5d34dc5ac2d44.jpg,0.2,4
10015_1482920157,1482936541,230484,1213619,896780620,3271810,丿没事放放牛,http://i5.pdim.gs/d9369dbb54564d44d9daac1a943b3afb.jpeg,0.2,4
10015_1482920157,1482936542,230484,1213619,896780620,27624934,一个非常厉害的人,http://i5.pdim.gs/af336f550001a8be39c5d34dc5ac2d44.jpg,0.2,5
10015_1482920157,1482936544,230484,1213619,896780620,3271810,丿没事放放牛,http://i5.pdim.gs/d9369dbb54564d44d9daac1a943b3afb.jpeg,100.0,2
10015_1482920157,1482936545,230484,1213619,896780620,3271810,丿没事放放牛,http://i5.pdim.gs/d9369dbb54564d44d9daac1a943b3afb.jpeg,0.2,2
10015_1482920157,1482936548,230484,1213619,896780620,3106770,人要走在正道上,http://i4.pdim.gs/t01ec43198e1905d651.png,0.0,
10015_1482920157,1482936549,230484,1213619,896780620,3205172,大耳朵adam,http://i0.pdim.gs/t01d865ff1a2d4a845b.jpg,0.2,99
10015_1482920157,1482936549,230484,1213619,896780620,40601960,恶龙不斗地头蛇,http://i9.pdim.gs/8c1c5d19d545c608c6f6088c483f443d.jpeg,0.0,
10015_1482920157,1482936550,230484,1213619,896780620,27624934,一个非常厉害的人,http://i5.pdim.gs/af336f550001a8be39c5d34dc5ac2d44.jpg,0.2,8
10015_1482920157,1482936550,230484,1213619,896780620,27624934,一个非常厉害的人,http://i5.pdim.gs/af336f550001a8be39c5d34dc5ac2d44.jpg,0.2,6
10015_1482920157,1482936550,230484,1213619,896780620,5443692,未闻花茗忄,http://i7.pdim.gs/0f6c84f0b07af6853bb697d4555399c4.png,0.2,1
10015_1482920157,1482936551,230484,1213619,896780620,5443692,未闻花茗忄,http://i7.pdim.gs/0f6c84f0b07af6853bb697d4555399c4.png,0.2,3
10015_1482920157,1482936551,230484,1213619,896780620,3327694,云哥的瓦八信,http://i0.pdim.gs/t01800c6f52d496b906.png,0.0,
10015_1482920157,1482936551,230484,1213619,896780620,3327694,云哥的瓦八信,http://i0.pdim.gs/t01800c6f52d496b906.png,0.0,
10015_1482920157,1482936552,230484,1213619,896780620,27624934,一个非常厉害的人,http://i5.pdim.gs/af336f550001a8be39c5d34dc5ac2d44.jpg,0.2,9
10015_1482920157,1482936552,230484,1213619,896780620,27624934,一个非常厉害的人,http://i5.pdim.gs/af336f550001a8be39c5d34dc5ac2d44.jpg,0.2,7
10015_1482920157,1482936552,230484,1213619,896780620,5443692,未闻花茗忄,http://i7.pdim.gs/0f6c84f0b07af6853bb697d4555399c4.png,0.2,5
10015_1482920157,1482936553,230484,1213619,896780620,3106770,人要走在正道上,http://i4.pdim.gs/t01ec43198e1905d651.png,0.0,
10015_1482920157,1482936553,230484,1213619,896780620,4090560,弓么得弄么得,http://i7.pdim.gs/27fe62539800790dfafd931630adac2d.jpg,0.2,1
10015_1482920157,1482936553,230484,1213619,896780620,32133176,偶遇财神掉俩蛋,http://i7.pdim.gs/2175ab0a78978caef21d7163f5a2aa6e.jpeg,0.0,
10015_1482920157,1482936553,230484,1213619,896780620,27624934,一个非常厉害的人,http://i5.pdim.gs/af336f550001a8be39c5d34dc5ac2d44.jpg,0.2,10
10015_1482920157,1482936554,230484,1213619,896780620,4090560,弓么得弄么得,http://i7.pdim.gs/27fe62539800790dfafd931630adac2d.jpg,0.2,2
10015_1482920157,1482936555,230484,1213620,896780620,32133176,偶遇财神掉俩蛋,http://i7.pdim.gs/2175ab0a78978caef21d7163f5a2aa6e.jpeg,0.0,
10015_1482920157,1482936555,230484,1213620,896780620,3205172,大耳朵adam,http://i0.pdim.gs/t01d865ff1a2d4a845b.jpg,0.2,100
10015_1482920157,1482936555,230484,1213620,896780620,4090560,弓么得弄么得,http://i7.pdim.gs/27fe62539800790dfafd931630adac2d.jpg,0.2,4
10015_1482920157,1482936555,230484,1213620,896780620,32133176,偶遇财神掉俩蛋,http://i7.pdim.gs/2175ab0a78978caef21d7163f5a2aa6e.jpeg,0.0,
10015_1482920157,1482936555,230484,1213620,896780620,5443692,未闻花茗忄,http://i7.pdim.gs/0f6c84f0b07af6853bb697d4555399c4.png,0.2,2
10015_1482920157,1482936556,230484,1213620,896780620,3327694,云哥的瓦八信,http://i0.pdim.gs/t01800c6f52d496b906.png,0.0,
10015_1482920157,1482936558,230484,1213620,896780620,32133176,偶遇财神掉俩蛋,http://i7.pdim.gs/2175ab0a78978caef21d7163f5a2aa6e.jpeg,0.0,
10015_1482920157,1482936559,230484,1213620,896780620,32133176,偶遇财神掉俩蛋,http://i7.pdim.gs/2175ab0a78978caef21d7163f5a2aa6e.jpeg,0.0,
10015_1482920157,1482936559,230484,1213620,896780620,32133176,偶遇财神掉俩蛋,http://i7.pdim.gs/2175ab0a78978caef21d7163f5a2aa6e.jpeg,0.0,
10015_1482920157,1482936559,230484,1213620,896780620,32133176,偶遇财神掉俩蛋,http://i7.pdim.gs/2175ab0a78978caef21d7163f5a2aa6e.jpeg,0.0,
10015_1482920157,1482936559,230484,1213620,896780620,32133176,偶遇财神掉俩蛋,http://i7.pdim.gs/2175ab0a78978caef21d7163f5a2aa6e.jpeg,0.0,
10015_1482920157,1482936559,230484,1213620,896780620,32133176,偶遇财神掉俩蛋,http://i7.pdim.gs/2175ab0a78978caef21d7163f5a2aa6e.jpeg,0.0,
10015_1482920157,1482936559,230484,1213620,896780620,4090560,弓么得弄么得,http://i7.pdim.gs/27fe62539800790dfafd931630adac2d.jpg,0.2,3
10015_1482920157,1482936559,230484,1213620,896780620,32133176,偶遇财神掉俩蛋,http://i7.pdim.gs/2175ab0a78978caef21d7163f5a2aa6e.jpeg,0.0,
10015_1482920157,1482936560,230484,1213620,896780620,32133176,偶遇财神掉俩蛋,http://i7.pdim.gs/2175ab0a78978caef21d7163f5a2aa6e.jpeg,0.0,
10015_1482920157,1482936560,230484,1213620,896780620,32133176,偶遇财神掉俩蛋,http://i7.pdim.gs/2175ab0a78978caef21d7163f5a2aa6e.jpeg,0.0,
10015_1482920157,1482936560,230484,1213620,896780620,32133176,偶遇财神掉俩蛋,http://i7.pdim.gs/2175ab0a78978caef21d7163f5a2aa6e.jpeg,0.0,
10015_1482920157,1482936560,230484,1213620,896780620,32133176,偶遇财神掉俩蛋,http://i7.pdim.gs/2175ab0a78978caef21d7163f5a2aa6e.jpeg,0.0,
10015_1482920157,1482936560,230484,1213620,896780620,32133176,偶遇财神掉俩蛋,http://i7.pdim.gs/2175ab0a78978caef21d7163f5a2aa6e.jpeg,0.0,
10015_1482920157,1482936560,230484,1213620,896780620,32133176,偶遇财神掉俩蛋,http://i7.pdim.gs/2175ab0a78978caef21d7163f5a2aa6e.jpeg,0.0,
10015_1482920157,1482936561,230484,1213620,896780620,32133176,偶遇财神掉俩蛋,http://i7.pdim.gs/2175ab0a78978caef21d7163f5a2aa6e.jpeg,0.0,
10015_1482920157,1482936561,230484,1213620,896780620,32133176,偶遇财神掉俩蛋,http://i7.pdim.gs/2175ab0a78978caef21d7163f5a2aa6e.jpeg,0.0,
10015_1482920157,1482936561,230484,1213620,896780620,32133176,偶遇财神掉俩蛋,http://i7.pdim.gs/2175ab0a78978caef21d7163f5a2aa6e.jpeg,0.0,
10015_1482920157,1482936561,230484,1213620,896780620,32133176,偶遇财神掉俩蛋,http://i7.pdim.gs/2175ab0a78978caef21d7163f5a2aa6e.jpeg,0.0,
10015_1482920157,1482936566,230484,1213620,896780620,3106770,人要走在正道上,http://i4.pdim.gs/t01ec43198e1905d651.png,0.0,
10015_1482920157,1482936566,230484,1213620,896780620,3327694,云哥的瓦八信,http://i0.pdim.gs/t01800c6f52d496b906.png,0.0,
10015_1482920157,1482936566,230484,1213620,896780620,3106770,人要走在正道上,http://i4.pdim.gs/t01ec43198e1905d651.png,0.0,
10015_1482920157,1482936567,230484,1213620,896780620,27624934,一个非常厉害的人,http://i5.pdim.gs/af336f550001a8be39c5d34dc5ac2d44.jpg,0.2,11
10015_1482920157,1482936568,230484,1213620,896780620,3106770,人要走在正道上,http://i4.pdim.gs/t01ec43198e1905d651.png,0.0,
10015_1482920157,1482936579,230484,1213620,896780620,4425606,johncena,http://i1.pdim.gs/t012839f5403b1f3d75.jpg,0.2,1
10015_1482920157,1482936580,230484,1213620,896780620,4425606,johncena,http://i1.pdim.gs/t012839f5403b1f3d75.jpg,0.2,2
10015_1482920157,1482936581,230484,1213620,896780620,4425606,johncena,http://i1.pdim.gs/t012839f5403b1f3d75.jpg,0.2,3
10015_1482920157,1482936581,230484,1213620,896780620,4425606,johncena,http://i1.pdim.gs/t012839f5403b1f3d75.jpg,0.2,4
10015_1482920157,1482936581,230484,1213620,896780620,4425606,johncena,http://i1.pdim.gs/t012839f5403b1f3d75.jpg,0.2,5
10015_1482920157,1482936582,230484,1213620,896780620,4425606,johncena,http://i1.pdim.gs/t012839f5403b1f3d75.jpg,0.2,6
10015_1482920157,1482936582,230484,1213620,896780620,4425606,johncena,http://i1.pdim.gs/t012839f5403b1f3d75.jpg,0.2,7
10015_1482920157,1482936582,230484,1213620,896780620,4425606,johncena,http://i1.pdim.gs/t012839f5403b1f3d75.jpg,0.2,8
10015_1482920157,1482936582,230484,1213620,896780620,4425606,johncena,http://i1.pdim.gs/t012839f5403b1f3d75.jpg,0.2,9
10015_1482920157,1482936583,230484,1213620,896780620,4425606,johncena,http://i1.pdim.gs/t012839f5403b1f3d75.jpg,0.2,10
10015_1482920157,1482936583,230484,1213620,896780620,4425606,johncena,http://i1.pdim.gs/t012839f5403b1f3d75.jpg,0.2,11
10015_1482920157,1482936583,230484,1213620,896780620,4425606,johncena,http://i1.pdim.gs/t012839f5403b1f3d75.jpg,0.2,12
10015_1482920157,1482936583,230484,1213620,896780620,4425606,johncena,http://i1.pdim.gs/t012839f5403b1f3d75.jpg,0.2,13
10015_1482920157,1482936584,230484,1213620,896780620,4425606,johncena,http://i1.pdim.gs/t012839f5403b1f3d75.jpg,0.2,14
10015_1482920157,1482936584,230484,1213620,896780620,4425606,johncena,http://i1.pdim.gs/t012839f5403b1f3d75.jpg,0.2,15
10015_1482920157,1482936584,230484,1213620,896780620,4425606,johncena,http://i1.pdim.gs/t012839f5403b1f3d75.jpg,0.2,17
10015_1482920157,1482936584,230484,1213625,896782740,4425606,johncena,http://i1.pdim.gs/t012839f5403b1f3d75.jpg,0.2,16
10015_1482920157,1482936585,230484,1213625,896782740,4425606,johncena,http://i1.pdim.gs/t012839f5403b1f3d75.jpg,0.2,18
10015_1482920157,1482936585,230484,1213625,896782740,4425606,johncena,http://i1.pdim.gs/t012839f5403b1f3d75.jpg,0.2,20
10015_1482920157,1482936585,230484,1213625,896782740,4425606,johncena,http://i1.pdim.gs/t012839f5403b1f3d75.jpg,0.2,19
10015_1482920157,1482936586,230484,1213625,896782740,4425606,johncena,http://i1.pdim.gs/t012839f5403b1f3d75.jpg,0.2,22
10015_1482920157,1482936586,230484,1213625,896782740,4425606,johncena,http://i1.pdim.gs/t012839f5403b1f3d75.jpg,0.2,23
10015_1482920157,1482936586,230484,1213625,896782740,4425606,johncena,http://i1.pdim.gs/t012839f5403b1f3d75.jpg,0.2,24
10015_1482920157,1482936587,230484,1213625,896782740,4425606,johncena,http://i1.pdim.gs/t012839f5403b1f3d75.jpg,0.2,25
10015_1482920157,1482936587,230484,1213625,896782740,4425606,johncena,http://i1.pdim.gs/t012839f5403b1f3d75.jpg,0.2,26
10015_1482920157,1482936588,230484,1213625,896782740,4425606,johncena,http://i1.pdim.gs/t012839f5403b1f3d75.jpg,0.2,27
10015_1482920157,1482936588,230484,1213625,896782740,4425606,johncena,http://i1.pdim.gs/t012839f5403b1f3d75.jpg,0.2,29
10015_1482920157,1482936589,230484,1213625,896782740,4425606,johncena,http://i1.pdim.gs/t012839f5403b1f3d75.jpg,0.2,30
10015_1482920157,1482936599,230484,1213625,896782740,24664596,大道999,http://i2.pdim.gs/t016ca3cc72acad756b.jpg,0.2,1
10015_1482920157,1482936609,230484,1213625,896782740,24664596,大道999,http://i2.pdim.gs/t016ca3cc72acad756b.jpg,0.2,2
10015_1482920157,1482936611,230484,1213625,896782740,24664596,大道999,http://i2.pdim.gs/t016ca3cc72acad756b.jpg,0.2,3
10015_1482920157,1482936616,227235,1213632,896785940,24664596,大道999,http://i2.pdim.gs/t016ca3cc72acad756b.jpg,0.2,4
10015_1482920157,1482936617,227235,1213632,896785940,26613138,梵若尘,http://i7.pdim.gs/0257040380bd7d294a8017532c07e39b.jpg,0.0,
10015_1482920157,1482936619,227235,1213632,896785940,24664596,大道999,http://i2.pdim.gs/t016ca3cc72acad756b.jpg,0.2,5
10015_1482920157,1482936625,227235,1213632,896785940,28918422,没外婆的小红帽,http://i9.pdim.gs/21d08b07ae2f11de12752c54ca99b0ae.jpeg,0.2,1
10015_1482920157,1482936625,227235,1213632,896785940,28918422,没外婆的小红帽,http://i9.pdim.gs/21d08b07ae2f11de12752c54ca99b0ae.jpeg,0.2,2
10015_1482920157,1482936625,227235,1213632,896785940,37886454,长手怪,http://i5.pdim.gs/d00213397071ceb03bb3920b6895aadc.jpg,0.2,1
10015_1482920157,1482936626,227235,1213632,896785940,28918422,没外婆的小红帽,http://i9.pdim.gs/21d08b07ae2f11de12752c54ca99b0ae.jpeg,0.2,3
10015_1482920157,1482936627,227235,1213632,896785940,28918422,没外婆的小红帽,http://i9.pdim.gs/21d08b07ae2f11de12752c54ca99b0ae.jpeg,0.2,4
10015_1482920157,1482936627,227235,1213632,896785940,28918422,没外婆的小红帽,http://i9.pdim.gs/21d08b07ae2f11de12752c54ca99b0ae.jpeg,0.2,5
10015_1482920157,1482936628,227235,1213632,896785940,28918422,没外婆的小红帽,http://i9.pdim.gs/21d08b07ae2f11de12752c54ca99b0ae.jpeg,0.2,7
10015_1482920157,1482936628,227235,1213632,896785940,28918422,没外婆的小红帽,http://i9.pdim.gs/21d08b07ae2f11de12752c54ca99b0ae.jpeg,0.2,8
10015_1482920157,1482936628,227235,1213632,896785940,37886454,长手怪,http://i5.pdim.gs/d00213397071ceb03bb3920b6895aadc.jpg,0.2,2
10015_1482920157,1482936629,227235,1213632,896785940,28918422,没外婆的小红帽,http://i9.pdim.gs/21d08b07ae2f11de12752c54ca99b0ae.jpeg,0.2,9
10015_1482920157,1482936629,227235,1213632,896785940,28918422,没外婆的小红帽,http://i9.pdim.gs/21d08b07ae2f11de12752c54ca99b0ae.jpeg,0.2,10
10015_1482920157,1482936629,227235,1213632,896785940,37886454,长手怪,http://i5.pdim.gs/d00213397071ceb03bb3920b6895aadc.jpg,0.2,3
10015_1482920157,1482936629,227235,1213632,896785940,28918422,没外婆的小红帽,http://i9.pdim.gs/21d08b07ae2f11de12752c54ca99b0ae.jpeg,0.2,11
10015_1482920157,1482936630,227235,1213632,896785940,28918422,没外婆的小红帽,http://i9.pdim.gs/21d08b07ae2f11de12752c54ca99b0ae.jpeg,0.2,12
10015_1482920157,1482936630,227235,1213632,896785940,28918422,没外婆的小红帽,http://i9.pdim.gs/21d08b07ae2f11de12752c54ca99b0ae.jpeg,0.2,13
10015_1482920157,1482936630,227235,1213632,896785940,28918422,没外婆的小红帽,http://i9.pdim.gs/21d08b07ae2f11de12752c54ca99b0ae.jpeg,0.2,14
10015_1482920157,1482936631,227235,1213632,896785940,28918422,没外婆的小红帽,http://i9.pdim.gs/21d08b07ae2f11de12752c54ca99b0ae.jpeg,0.2,15
10015_1482920157,1482936631,227235,1213632,896785940,37886454,长手怪,http://i5.pdim.gs/d00213397071ceb03bb3920b6895aadc.jpg,0.2,4
10015_1482920157,1482936633,227235,1213632,896785940,37886454,长手怪,http://i5.pdim.gs/d00213397071ceb03bb3920b6895aadc.jpg,0.2,5
10015_1482920157,1482936637,227235,1213632,896785940,28918422,没外婆的小红帽,http://i9.pdim.gs/21d08b07ae2f11de12752c54ca99b0ae.jpeg,0.2,16
10015_1482920157,1482936638,227235,1213632,896785940,28918422,没外婆的小红帽,http://i9.pdim.gs/21d08b07ae2f11de12752c54ca99b0ae.jpeg,0.2,17
10015_1482920157,1482936640,227235,1213632,896785940,28918422,没外婆的小红帽,http://i9.pdim.gs/21d08b07ae2f11de12752c54ca99b0ae.jpeg,0.2,18
10015_1482920157,1482936640,227235,1213632,896785940,28918422,没外婆的小红帽,http://i9.pdim.gs/21d08b07ae2f11de12752c54ca99b0ae.jpeg,0.2,19
10015_1482920157,1482936641,227235,1213632,896785940,28918422,没外婆的小红帽,http://i9.pdim.gs/21d08b07ae2f11de12752c54ca99b0ae.jpeg,0.2,20
10015_1482920157,1482936641,227235,1213632,896785940,28918422,没外婆的小红帽,http://i9.pdim.gs/21d08b07ae2f11de12752c54ca99b0ae.jpeg,0.2,21
10015_1482920157,1482936647,230524,1213635,896790273,28918422,没外婆的小红帽,http://i9.pdim.gs/21d08b07ae2f11de12752c54ca99b0ae.jpeg,0.2,22
10015_1482920157,1482936649,230524,1213635,896790273,28918422,没外婆的小红帽,http://i9.pdim.gs/21d08b07ae2f11de12752c54ca99b0ae.jpeg,0.2,23
10015_1482920157,1482936650,230524,1213635,896790273,28918422,没外婆的小红帽,http://i9.pdim.gs/21d08b07ae2f11de12752c54ca99b0ae.jpeg,0.2,24
10015_1482920157,1482936650,230524,1213635,896790273,28918422,没外婆的小红帽,http://i9.pdim.gs/21d08b07ae2f11de12752c54ca99b0ae.jpeg,0.2,25
10015_1482920157,1482936651,230524,1213635,896790273,28918422,没外婆的小红帽,http://i9.pdim.gs/21d08b07ae2f11de12752c54ca99b0ae.jpeg,0.2,26
10015_1482920157,1482936653,230524,1213635,896790273,25558438,basakay,http://i2.pdim.gs/t0193ab20a52b2c8514.jpg,0.2,99
10015_1482920157,1482936657,230524,1213635,896790273,28918422,没外婆的小红帽,http://i9.pdim.gs/21d08b07ae2f11de12752c54ca99b0ae.jpeg,0.2,29
10015_1482920157,1482936658,230524,1213635,896790273,28918422,没外婆的小红帽,http://i9.pdim.gs/21d08b07ae2f11de12752c54ca99b0ae.jpeg,0.2,30
10015_1482920157,1482936661,230524,1213635,896790273,28918422,没外婆的小红帽,http://i9.pdim.gs/21d08b07ae2f11de12752c54ca99b0ae.jpeg,0.2,31
10015_1482920157,1482936662,230524,1213635,896790273,3018222,AyrtonSenna,http://i9.pdim.gs/e9e7333969a619b272829073dff26218.png,0.2,520
10015_1482920157,1482936663,230524,1213635,896790273,28918422,没外婆的小红帽,http://i9.pdim.gs/21d08b07ae2f11de12752c54ca99b0ae.jpeg,0.2,32
10015_1482920157,1482936663,230524,1213635,896790273,28918422,没外婆的小红帽,http://i9.pdim.gs/21d08b07ae2f11de12752c54ca99b0ae.jpeg,0.2,33
10015_1482920157,1482936664,230524,1213635,896790273,28918422,没外婆的小红帽,http://i9.pdim.gs/21d08b07ae2f11de12752c54ca99b0ae.jpeg,0.2,34
10015_1482920157,1482936665,230524,1213635,896790273,28918422,没外婆的小红帽,http://i9.pdim.gs/21d08b07ae2f11de12752c54ca99b0ae.jpeg,0.2,35
10015_1482920157,1482936665,230524,1213635,896790273,28918422,没外婆的小红帽,http://i9.pdim.gs/21d08b07ae2f11de12752c54ca99b0ae.jpeg,0.2,36
10015_1482920157,1482936665,230524,1213635,896790273,28918422,没外婆的小红帽,http://i9.pdim.gs/21d08b07ae2f11de12752c54ca99b0ae.jpeg,0.2,37
10015_1482920157,1482936666,230524,1213635,896790273,28918422,没外婆的小红帽,http://i9.pdim.gs/21d08b07ae2f11de12752c54ca99b0ae.jpeg,0.2,38
10015_1482920157,1482936666,230524,1213635,896790273,28918422,没外婆的小红帽,http://i9.pdim.gs/21d08b07ae2f11de12752c54ca99b0ae.jpeg,0.2,41
10015_1482920157,1482936667,230524,1213635,896790273,28918422,没外婆的小红帽,http://i9.pdim.gs/21d08b07ae2f11de12752c54ca99b0ae.jpeg,0.2,42
10015_1482920157,1482936667,230524,1213635,896790273,28918422,没外婆的小红帽,http://i9.pdim.gs/21d08b07ae2f11de12752c54ca99b0ae.jpeg,0.2,43
10015_1482920157,1482936668,230524,1213635,896790273,28918422,没外婆的小红帽,http://i9.pdim.gs/21d08b07ae2f11de12752c54ca99b0ae.jpeg,0.2,44
10015_1482920157,1482936668,230524,1213635,896790273,28918422,没外婆的小红帽,http://i9.pdim.gs/21d08b07ae2f11de12752c54ca99b0ae.jpeg,0.2,45
10015_1482920157,1482936668,230524,1213635,896790273,28918422,没外婆的小红帽,http://i9.pdim.gs/21d08b07ae2f11de12752c54ca99b0ae.jpeg,0.2,46
10015_1482920157,1482936669,230524,1213635,896790273,28918422,没外婆的小红帽,http://i9.pdim.gs/21d08b07ae2f11de12752c54ca99b0ae.jpeg,0.2,47
10015_1482920157,1482936670,230524,1213635,896790273,28918422,没外婆的小红帽,http://i9.pdim.gs/21d08b07ae2f11de12752c54ca99b0ae.jpeg,0.2,48
10015_1482920157,1482936670,230524,1213635,896790273,28918422,没外婆的小红帽,http://i9.pdim.gs/21d08b07ae2f11de12752c54ca99b0ae.jpeg,0.2,49
10015_1482920157,1482936671,230524,1213635,896790273,28918422,没外婆的小红帽,http://i9.pdim.gs/21d08b07ae2f11de12752c54ca99b0ae.jpeg,0.2,50
10015_1482920157,1482936671,230524,1213635,896790273,28918422,没外婆的小红帽,http://i9.pdim.gs/21d08b07ae2f11de12752c54ca99b0ae.jpeg,0.2,51
10015_1482920157,1482936672,230524,1213635,896790273,24869204,O小波登o,http://i9.pdim.gs/141af9658ca48c67970d5fbf7e2d2b02.png,0.2,1
10015_1482920157,1482936673,230524,1213635,896790273,24869204,O小波登o,http://i9.pdim.gs/141af9658ca48c67970d5fbf7e2d2b02.png,0.2,2
10015_1482920157,1482936673,230524,1213635,896790273,24869204,O小波登o,http://i9.pdim.gs/141af9658ca48c67970d5fbf7e2d2b02.png,0.2,4
10015_1482920157,1482936673,230524,1213635,896790273,24869204,O小波登o,http://i9.pdim.gs/141af9658ca48c67970d5fbf7e2d2b02.png,0.2,3
10015_1482920157,1482936674,230524,1213635,896790273,24869204,O小波登o,http://i9.pdim.gs/141af9658ca48c67970d5fbf7e2d2b02.png,0.2,5
10015_1482920157,1482936674,230524,1213635,896790273,24869204,O小波登o,http://i9.pdim.gs/141af9658ca48c67970d5fbf7e2d2b02.png,0.2,6
10015_1482920157,1482936674,230524,1213635,896790273,24869204,O小波登o,http://i9.pdim.gs/141af9658ca48c67970d5fbf7e2d2b02.png,0.2,7
10015_1482920157,1482936674,230524,1213635,896790273,24869204,O小波登o,http://i9.pdim.gs/141af9658ca48c67970d5fbf7e2d2b02.png,0.2,8
10015_1482920157,1482936675,230524,1213635,896790273,24869204,O小波登o,http://i9.pdim.gs/141af9658ca48c67970d5fbf7e2d2b02.png,0.2,9
10015_1482920157,1482936675,230524,1213635,896790273,24869204,O小波登o,http://i9.pdim.gs/141af9658ca48c67970d5fbf7e2d2b02.png,0.2,10
10015_1482920157,1482936675,230524,1213635,896790273,24869204,O小波登o,http://i9.pdim.gs/141af9658ca48c67970d5fbf7e2d2b02.png,0.2,11
10015_1482920157,1482936675,230524,1213635,896790273,24869204,O小波登o,http://i9.pdim.gs/141af9658ca48c67970d5fbf7e2d2b02.png,0.2,12
10015_1482920157,1482936675,230524,1213635,896790273,24869204,O小波登o,http://i9.pdim.gs/141af9658ca48c67970d5fbf7e2d2b02.png,0.2,13
10015_1482920157,1482936675,237287,1213635,896791673,24869204,O小波登o,http://i9.pdim.gs/141af9658ca48c67970d5fbf7e2d2b02.png,0.2,14
10015_1482920157,1482936677,237287,1213635,896791673,24869204,O小波登o,http://i9.pdim.gs/141af9658ca48c67970d5fbf7e2d2b02.png,0.2,15
10015_1482920157,1482936677,237287,1213635,896791673,24869204,O小波登o,http://i9.pdim.gs/141af9658ca48c67970d5fbf7e2d2b02.png,0.2,16
10015_1482920157,1482936678,237287,1213635,896791673,24869204,O小波登o,http://i9.pdim.gs/141af9658ca48c67970d5fbf7e2d2b02.png,0.2,17
10015_1482920157,1482936678,237287,1213635,896791673,24869204,O小波登o,http://i9.pdim.gs/141af9658ca48c67970d5fbf7e2d2b02.png,0.2,18
10015_1482920157,1482936679,237287,1213635,896791673,24869204,O小波登o,http://i9.pdim.gs/141af9658ca48c67970d5fbf7e2d2b02.png,0.2,19
10015_1482920157,1482936679,237287,1213635,896791673,24869204,O小波登o,http://i9.pdim.gs/141af9658ca48c67970d5fbf7e2d2b02.png,0.2,20
10015_1482920157,1482936679,237287,1213635,896791673,24869204,O小波登o,http://i9.pdim.gs/141af9658ca48c67970d5fbf7e2d2b02.png,0.2,21
10015_1482920157,1482936679,237287,1213635,896791673,24869204,O小波登o,http://i9.pdim.gs/141af9658ca48c67970d5fbf7e2d2b02.png,0.2,22
10015_1482920157,1482936679,237287,1213635,896791673,24869204,O小波登o,http://i9.pdim.gs/141af9658ca48c67970d5fbf7e2d2b02.png,0.2,23
10015_1482920157,1482936680,237287,1213635,896791673,24869204,O小波登o,http://i9.pdim.gs/141af9658ca48c67970d5fbf7e2d2b02.png,0.2,24
10015_1482920157,1482936720,238799,1213635,896791673,7378336,天朝路人王,http://i1.pdim.gs/t015f0a103735c79b1c.jpg,0.2,1
10015_1482920157,1482936723,238799,1213635,896791673,7378336,天朝路人王,http://i1.pdim.gs/t015f0a103735c79b1c.jpg,0.2,2
10015_1482920157,1482936725,238799,1213635,896791673,7378336,天朝路人王,http://i1.pdim.gs/t015f0a103735c79b1c.jpg,0.2,4
10015_1482920157,1482936725,238799,1213635,896791673,7378336,天朝路人王,http://i1.pdim.gs/t015f0a103735c79b1c.jpg,0.2,5
10015_1482920157,1482936725,238799,1213635,896791673,7378336,天朝路人王,http://i1.pdim.gs/t015f0a103735c79b1c.jpg,0.2,3
10015_1482920157,1482936725,238799,1213635,896791673,7378336,天朝路人王,http://i1.pdim.gs/t015f0a103735c79b1c.jpg,0.2,6
10015_1482920157,1482936726,238799,1213635,896791673,7378336,天朝路人王,http://i1.pdim.gs/t015f0a103735c79b1c.jpg,0.2,7
10015_1482920157,1482936726,238799,1213635,896791673,7378336,天朝路人王,http://i1.pdim.gs/t015f0a103735c79b1c.jpg,0.2,8
10015_1482920157,1482936726,238799,1213635,896791673,7378336,天朝路人王,http://i1.pdim.gs/t015f0a103735c79b1c.jpg,0.2,9
10015_1482920157,1482936727,238799,1213635,896791673,7378336,天朝路人王,http://i1.pdim.gs/t015f0a103735c79b1c.jpg,0.2,10
10015_1482920157,1482936727,238799,1213635,896791673,7378336,天朝路人王,http://i1.pdim.gs/t015f0a103735c79b1c.jpg,0.2,11
10015_1482920157,1482936728,238799,1213635,896791673,7378336,天朝路人王,http://i1.pdim.gs/t015f0a103735c79b1c.jpg,0.2,12
10015_1482920157,1482936728,238799,1213635,896791673,7378336,天朝路人王,http://i1.pdim.gs/t015f0a103735c79b1c.jpg,0.2,13
10015_1482920157,1482936728,238799,1213635,896791673,7378336,天朝路人王,http://i1.pdim.gs/t015f0a103735c79b1c.jpg,0.2,14
10015_1482920157,1482936729,238799,1213635,896791673,7378336,天朝路人王,http://i1.pdim.gs/t015f0a103735c79b1c.jpg,0.2,15
10015_1482920157,1482936729,238799,1213635,896791673,7378336,天朝路人王,http://i1.pdim.gs/t015f0a103735c79b1c.jpg,0.2,16
10015_1482920157,1482936729,238799,1213635,896791673,7378336,天朝路人王,http://i1.pdim.gs/t015f0a103735c79b1c.jpg,0.2,17
10015_1482920157,1482936729,238799,1213635,896791673,7378336,天朝路人王,http://i1.pdim.gs/t015f0a103735c79b1c.jpg,0.2,18
10015_1482920157,1482936730,238799,1213635,896791673,7378336,天朝路人王,http://i1.pdim.gs/t015f0a103735c79b1c.jpg,0.2,19
10015_1482920157,1482936731,238799,1213635,896791673,7378336,天朝路人王,http://i1.pdim.gs/t015f0a103735c79b1c.jpg,0.2,20
10015_1482920157,1482937394,246566,1213647,896825059,5449650,网瘾少年闲章,http://i2.pdim.gs/t01a80ed0baaf49c749.png,0.0,
10015_1482920157,1482937394,246566,1213647,896825059,5449650,网瘾少年闲章,http://i2.pdim.gs/t01a80ed0baaf49c749.png,0.0,
10015_1482920157,1482937396,246566,1213647,896825059,5449650,网瘾少年闲章,http://i2.pdim.gs/t01a80ed0baaf49c749.png,0.0,
10015_1482920157,1482937397,246566,1213647,896825059,5449650,网瘾少年闲章,http://i2.pdim.gs/t01a80ed0baaf49c749.png,0.0,
10015_1482920157,1482937397,246566,1213647,896825059,5449650,网瘾少年闲章,http://i2.pdim.gs/t01a80ed0baaf49c749.png,0.0,
10015_1482920157,1482937579,244933,1213651,896827859,38049320,厉害的粉丝,http://i8.pdim.gs/6ee41f976289569203fca9015a4ded4e.jpeg,0.2,1
10015_1482920157,1482937702,244670,1213660,896828159,38049320,厉害的粉丝,http://i8.pdim.gs/6ee41f976289569203fca9015a4ded4e.jpeg,0.2,1
10015_1482920157,1482938414,254496,1213694,896830159,7105380,阳熙,http://i9.pdim.gs/931a63df8a2d1101cbc43d45c7f62925.jpeg,0.2,1
10015_1482920157,1482938415,254496,1213694,896830159,7105380,阳熙,http://i9.pdim.gs/931a63df8a2d1101cbc43d45c7f62925.jpeg,0.2,2
10015_1482920157,1482938415,254496,1213694,896830159,7105380,阳熙,http://i9.pdim.gs/931a63df8a2d1101cbc43d45c7f62925.jpeg,0.2,4
10015_1482920157,1482938416,254496,1213694,896830159,7105380,阳熙,http://i9.pdim.gs/931a63df8a2d1101cbc43d45c7f62925.jpeg,0.2,5
10015_1482920157,1482938417,254496,1213694,896830159,7105380,阳熙,http://i9.pdim.gs/931a63df8a2d1101cbc43d45c7f62925.jpeg,0.2,7
10015_1482920157,1482938417,254496,1213694,896830159,7105380,阳熙,http://i9.pdim.gs/931a63df8a2d1101cbc43d45c7f62925.jpeg,0.2,8
10015_1482920157,1482938418,254496,1213694,896830159,7105380,阳熙,http://i9.pdim.gs/931a63df8a2d1101cbc43d45c7f62925.jpeg,0.2,12
10015_1482920157,1482938418,254496,1213694,896830159,7105380,阳熙,http://i9.pdim.gs/931a63df8a2d1101cbc43d45c7f62925.jpeg,0.2,13
10015_1482920157,1482938419,254496,1213694,896830159,7105380,阳熙,http://i9.pdim.gs/931a63df8a2d1101cbc43d45c7f62925.jpeg,0.2,14
10015_1482920157,1482938419,254496,1213694,896830159,7105380,阳熙,http://i9.pdim.gs/931a63df8a2d1101cbc43d45c7f62925.jpeg,0.2,15
10015_1482920157,1482938419,254496,1213694,896830159,7105380,阳熙,http://i9.pdim.gs/931a63df8a2d1101cbc43d45c7f62925.jpeg,0.2,16
10015_1482920157,1482938419,254496,1213694,896830159,7105380,阳熙,http://i9.pdim.gs/931a63df8a2d1101cbc43d45c7f62925.jpeg,0.2,17
10015_1482920157,1482938420,254496,1213694,896830159,7105380,阳熙,http://i9.pdim.gs/931a63df8a2d1101cbc43d45c7f62925.jpeg,0.2,18
10015_1482920157,1482938420,254496,1213694,896830159,7105380,阳熙,http://i9.pdim.gs/931a63df8a2d1101cbc43d45c7f62925.jpeg,0.2,19
10015_1482920157,1482938420,254496,1213694,896830159,7105380,阳熙,http://i9.pdim.gs/931a63df8a2d1101cbc43d45c7f62925.jpeg,0.2,20
10015_1482920157,1482938420,254496,1213694,896830159,7105380,阳熙,http://i9.pdim.gs/931a63df8a2d1101cbc43d45c7f62925.jpeg,0.2,21
10015_1482920157,1482938421,254496,1213694,896830159,7105380,阳熙,http://i9.pdim.gs/931a63df8a2d1101cbc43d45c7f62925.jpeg,0.2,22
10015_1482920157,1482938421,254496,1213694,896830159,7105380,阳熙,http://i9.pdim.gs/931a63df8a2d1101cbc43d45c7f62925.jpeg,0.2,23
10015_1482920157,1482938421,254496,1213694,896830159,7105380,阳熙,http://i9.pdim.gs/931a63df8a2d1101cbc43d45c7f62925.jpeg,0.2,24
10015_1482920157,1482938421,254496,1213694,896830159,7105380,阳熙,http://i9.pdim.gs/931a63df8a2d1101cbc43d45c7f62925.jpeg,0.2,25
10015_1482920157,1482938421,254496,1213694,896830159,7105380,阳熙,http://i9.pdim.gs/931a63df8a2d1101cbc43d45c7f62925.jpeg,0.2,26
10015_1482920157,1482938422,254496,1213694,896830159,7105380,阳熙,http://i9.pdim.gs/931a63df8a2d1101cbc43d45c7f62925.jpeg,0.2,27
10015_1482920157,1482938422,254496,1213694,896830159,7105380,阳熙,http://i9.pdim.gs/931a63df8a2d1101cbc43d45c7f62925.jpeg,0.2,29
10015_1482920157,1482938423,254496,1213694,896830159,7105380,阳熙,http://i9.pdim.gs/931a63df8a2d1101cbc43d45c7f62925.jpeg,0.2,30
10015_1482920157,1482938423,254496,1213694,896830159,5021526,伯纳乌11,http://i5.pdim.gs/8a89a80cd7c417419ea5e3f997ac5a67.jpg,0.2,1
10015_1482920157,1482938423,254496,1213694,896830159,7105380,阳熙,http://i9.pdim.gs/931a63df8a2d1101cbc43d45c7f62925.jpeg,0.2,31
10015_1482920157,1482938423,254496,1213694,896830159,7105380,阳熙,http://i9.pdim.gs/931a63df8a2d1101cbc43d45c7f62925.jpeg,0.2,32
10015_1482920157,1482938423,254496,1213694,896830159,5021526,伯纳乌11,http://i5.pdim.gs/8a89a80cd7c417419ea5e3f997ac5a67.jpg,0.2,2
10015_1482920157,1482938424,254496,1213694,896830159,7105380,阳熙,http://i9.pdim.gs/931a63df8a2d1101cbc43d45c7f62925.jpeg,0.2,33
10015_1482920157,1482938424,254496,1213694,896830159,7105380,阳熙,http://i9.pdim.gs/931a63df8a2d1101cbc43d45c7f62925.jpeg,0.2,35
10015_1482920157,1482938424,254496,1213694,896830159,7105380,阳熙,http://i9.pdim.gs/931a63df8a2d1101cbc43d45c7f62925.jpeg,0.2,34
10015_1482920157,1482938425,254496,1213694,896830159,7105380,阳熙,http://i9.pdim.gs/931a63df8a2d1101cbc43d45c7f62925.jpeg,0.2,37
10015_1482920157,1482938425,254496,1213694,896830159,7105380,阳熙,http://i9.pdim.gs/931a63df8a2d1101cbc43d45c7f62925.jpeg,0.2,36
10015_1482920157,1482938425,254496,1213694,896830159,3217572,LeeSea墨笙歌,http://i1.pdim.gs/t01363f7f4bfbf72a60.jpg,0.2,1
10015_1482920157,1482938425,254496,1213694,896830159,7105380,阳熙,http://i9.pdim.gs/931a63df8a2d1101cbc43d45c7f62925.jpeg,0.2,38
10015_1482920157,1482938425,254496,1213694,896830159,7105380,阳熙,http://i9.pdim.gs/931a63df8a2d1101cbc43d45c7f62925.jpeg,0.2,39
10015_1482920157,1482938425,254496,1213694,896830159,3217572,LeeSea墨笙歌,http://i1.pdim.gs/t01363f7f4bfbf72a60.jpg,0.2,2
10015_1482920157,1482938425,254496,1213694,896830159,3217572,LeeSea墨笙歌,http://i1.pdim.gs/t01363f7f4bfbf72a60.jpg,0.2,3
10015_1482920157,1482938425,254496,1213694,896830159,5021526,伯纳乌11,http://i5.pdim.gs/8a89a80cd7c417419ea5e3f997ac5a67.jpg,0.2,3
10015_1482920157,1482938425,254496,1213694,896830159,7105380,阳熙,http://i9.pdim.gs/931a63df8a2d1101cbc43d45c7f62925.jpeg,0.2,40
10015_1482920157,1482938425,254496,1213694,896830159,3217572,LeeSea墨笙歌,http://i1.pdim.gs/t01363f7f4bfbf72a60.jpg,0.2,4
10015_1482920157,1482938426,254496,1213694,896830159,3217572,LeeSea墨笙歌,http://i1.pdim.gs/t01363f7f4bfbf72a60.jpg,0.2,5
10015_1482920157,1482938426,254496,1213694,896830159,7105380,阳熙,http://i9.pdim.gs/931a63df8a2d1101cbc43d45c7f62925.jpeg,0.2,41
10015_1482920157,1482938426,254496,1213694,896830159,7105380,阳熙,http://i9.pdim.gs/931a63df8a2d1101cbc43d45c7f62925.jpeg,0.2,43
10015_1482920157,1482938426,254496,1213694,896830159,7105380,阳熙,http://i9.pdim.gs/931a63df8a2d1101cbc43d45c7f62925.jpeg,0.2,42
10015_1482920157,1482938427,254496,1213694,896830159,7105380,阳熙,http://i9.pdim.gs/931a63df8a2d1101cbc43d45c7f62925.jpeg,0.2,44
10015_1482920157,1482938427,254496,1213694,896830159,7105380,阳熙,http://i9.pdim.gs/931a63df8a2d1101cbc43d45c7f62925.jpeg,0.2,45
10015_1482920157,1482938427,254496,1213694,896830159,7105380,阳熙,http://i9.pdim.gs/931a63df8a2d1101cbc43d45c7f62925.jpeg,0.2,46
10015_1482920157,1482938427,254496,1213694,896830159,7105380,阳熙,http://i9.pdim.gs/931a63df8a2d1101cbc43d45c7f62925.jpeg,0.2,47
10015_1482920157,1482938428,254496,1213694,896830159,7105380,阳熙,http://i9.pdim.gs/931a63df8a2d1101cbc43d45c7f62925.jpeg,0.2,49
10015_1482920157,1482938428,254496,1213694,896830159,7105380,阳熙,http://i9.pdim.gs/931a63df8a2d1101cbc43d45c7f62925.jpeg,0.2,50
10015_1482920157,1482938447,260531,1213695,896832559,3217572,LeeSea墨笙歌,http://i1.pdim.gs/t01363f7f4bfbf72a60.jpg,0.2,6
10015_1482920157,1482938449,260531,1213695,896832559,3217572,LeeSea墨笙歌,http://i1.pdim.gs/t01363f7f4bfbf72a60.jpg,0.2,7
10015_1482920157,1482938450,260531,1213695,896832559,3217572,LeeSea墨笙歌,http://i1.pdim.gs/t01363f7f4bfbf72a60.jpg,0.2,8
10015_1482920157,1482938450,260531,1213695,896832559,3217572,LeeSea墨笙歌,http://i1.pdim.gs/t01363f7f4bfbf72a60.jpg,0.2,9
10015_1482920157,1482938451,260531,1213695,896832559,3217572,LeeSea墨笙歌,http://i1.pdim.gs/t01363f7f4bfbf72a60.jpg,0.2,10
10015_1482920157,1482938478,260554,1213697,896832759,24040446,就是我文哥,http://i3.pdim.gs/t01ecf0450e7d57f03d.jpg,5.0,1
10015_1482920157,1482938478,260554,1213697,896832759,24040446,就是我文哥,http://i3.pdim.gs/t01ecf0450e7d57f03d.jpg,5.0,2
10015_1482920157,1482938507,248342,1213698,896832759,3217572,LeeSea墨笙歌,http://i1.pdim.gs/t01363f7f4bfbf72a60.jpg,0.2,11
10015_1482920157,1482938539,248342,1213699,896833259,3217572,LeeSea墨笙歌,http://i1.pdim.gs/t01363f7f4bfbf72a60.jpg,0.2,12
10015_1482920157,1482938539,248342,1213699,896833259,3217572,LeeSea墨笙歌,http://i1.pdim.gs/t01363f7f4bfbf72a60.jpg,0.2,13
10015_1482920157,1482938540,248342,1213699,896833259,3217572,LeeSea墨笙歌,http://i1.pdim.gs/t01363f7f4bfbf72a60.jpg,0.2,14
10015_1482920157,1482938541,248342,1213699,896833259,3217572,LeeSea墨笙歌,http://i1.pdim.gs/t01363f7f4bfbf72a60.jpg,0.2,15
10015_1482920157,1482938708,245899,1213703,896835259,31260262,不爱就走1,http://i8.pdim.gs/8c46e1314644d0279aae1e993649c1fb.jpeg,0.2,1
